part_id,hh_id,part_age,part_gender
3377,Mo08HH3377,42.0,F
4517,Mo08HH4517,5.0,M
4518,Mo08HH4518,5.0,F
4519,Mo08HH4519,6.0,F
4520,Mo08HH4520,3.0,F
4521,Mo08HH4521,2.0,M
4522,Mo08HH4522,4.0,M
4523,Mo08HH4523,6.0,M
4524,Mo08HH4524,7.0,F
4525,Mo08HH4525,4.0,F
4526,Mo08HH4526,2.0,M
4527,Mo08HH4527,3.0,M
4528,Mo08HH4528,4.0,M
4529,Mo08HH4529,3.0,M
4530,Mo08HH4530,3.0,F
4531,Mo08HH4531,6.0,F
4532,Mo08HH4532,7.0,M
4533,Mo08HH4533,6.0,F
4534,Mo08HH4534,3.0,F
4535,Mo08HH4535,3.0,M
4536,Mo08HH4536,0.0,F
4537,Mo08HH4537,3.0,M
4538,Mo08HH4538,0.0,F
4539,Mo08HH4539,1.0,M
4540,Mo08HH4540,0.0,F
4541,Mo08HH4541,0.0,F
4542,Mo08HH4542,0.0,F
4543,Mo08HH4543,4.0,M
4544,Mo08HH4544,3.0,F
4545,Mo08HH4545,1.0,F
4546,Mo08HH4546,0.0,M
4547,Mo08HH4547,1.0,M
4548,Mo08HH4548,6.0,F
4549,Mo08HH4549,5.0,M
4550,Mo08HH4550,1.0,M
4551,Mo08HH4551,4.0,F
4552,Mo08HH4552,5.0,M
4553,Mo08HH4553,4.0,F
4554,Mo08HH4554,4.0,M
4555,Mo08HH4555,1.0,M
4556,Mo08HH4556,0.0,F
4557,Mo08HH4557,0.0,M
4558,Mo08HH4558,3.0,F
4559,Mo08HH4559,1.0,M
4560,Mo08HH4560,3.0,F
4561,Mo08HH4561,7.0,M
4562,Mo08HH4562,5.0,F
4564,Mo08HH4564,6.0,M
4565,Mo08HH4565,2.0,M
4566,Mo08HH4566,3.0,F
4567,Mo08HH4567,0.0,F
4568,Mo08HH4568,6.0,F
4569,Mo08HH4569,6.0,M
4570,Mo08HH4570,7.0,M
4571,Mo08HH4571,6.0,F
4572,Mo08HH4572,6.0,M
4573,Mo08HH4573,6.0,M
4574,Mo08HH4574,5.0,F
4575,Mo08HH4575,4.0,F
4576,Mo08HH4576,4.0,M
4577,Mo08HH4577,4.0,F
4578,Mo08HH4578,3.0,F
4579,Mo08HH4579,2.0,M
4580,Mo08HH4580,0.0,M
4581,Mo08HH4581,3.0,F
4582,Mo08HH4582,1.0,F
4583,Mo08HH4583,7.0,M
4584,Mo08HH4584,6.0,F
4585,Mo08HH4585,4.0,F
4587,Mo08HH4587,4.0,M
4588,Mo08HH4588,1.0,F
4589,Mo08HH4589,3.0,M
4590,Mo08HH4590,6.0,F
4591,Mo08HH4591,7.0,M
4592,Mo08HH4592,5.0,F
4593,Mo08HH4593,5.0,M
4594,Mo08HH4594,1.0,F
4595,Mo08HH4595,1.0,M
4596,Mo08HH4596,2.0,F
4597,Mo08HH4597,7.0,F
4598,Mo08HH4598,4.0,F
4599,Mo08HH4599,3.0,F
4600,Mo08HH4600,2.0,M
4601,Mo08HH4601,4.0,F
4602,Mo08HH4602,5.0,F
4603,Mo08HH4603,1.0,F
4604,Mo08HH4604,2.0,M
4605,Mo08HH4605,1.0,M
4606,Mo08HH4606,7.0,M
4607,Mo08HH4607,7.0,F
4608,Mo08HH4608,1.0,M
4609,Mo08HH4609,7.0,F
4610,Mo08HH4610,6.0,M
4611,Mo08HH4611,2.0,M
4612,Mo08HH4612,4.0,M
4613,Mo08HH4613,2.0,M
4614,Mo08HH4614,0.0,F
4615,Mo08HH4615,3.0,F
4616,Mo08HH4616,4.0,F
4617,Mo08HH4617,3.0,M
4618,Mo08HH4618,5.0,M
4619,Mo08HH4619,5.0,F
4620,Mo08HH4620,7.0,F
4621,Mo08HH4621,6.0,M
4622,Mo08HH4622,2.0,F
4624,Mo08HH4624,1.0,M
4625,Mo08HH4625,7.0,F
4626,Mo08HH4626,7.0,F
4627,Mo08HH4627,5.0,M
4628,Mo08HH4628,0.0,M
4629,Mo08HH4629,2.0,M
4630,Mo08HH4630,2.0,F
4631,Mo08HH4631,7.0,M
4632,Mo08HH4632,7.0,F
4633,Mo08HH4633,6.0,F
4634,Mo08HH4634,5.0,M
4635,Mo08HH4635,7.0,M
4636,Mo08HH4636,7.0,F
4637,Mo08HH4637,7.0,F
4638,Mo08HH4638,6.0,M
4639,Mo08HH4639,7.0,M
4640,Mo08HH4640,6.0,M
4641,Mo08HH4641,3.0,M
4642,Mo08HH4642,3.0,F
4643,Mo08HH4643,6.0,M
4644,Mo08HH4644,6.0,F
4645,Mo08HH4645,2.0,F
4646,Mo08HH4646,2.0,F
4647,Mo08HH4647,2.0,M
4648,Mo08HH4648,4.0,F
4649,Mo08HH4649,3.0,M
4650,Mo08HH4650,2.0,F
4651,Mo08HH4651,6.0,F
4652,Mo08HH4652,7.0,M
4653,Mo08HH4653,7.0,F
4654,Mo08HH4654,0.0,M
4655,Mo08HH4655,1.0,F
4656,Mo08HH4656,0.0,M
4657,Mo08HH4657,2.0,F
4658,Mo08HH4658,3.0,M
4659,Mo08HH4659,6.0,F
4660,Mo08HH4660,6.0,M
4662,Mo08HH4662,7.0,M
4663,Mo08HH4663,8.0,M
4664,Mo08HH4664,5.0,F
4665,Mo08HH4665,3.0,F
4666,Mo08HH4666,3.0,M
4667,Mo08HH4667,4.0,M
4668,Mo08HH4668,3.0,F
4669,Mo08HH4669,3.0,F
4670,Mo08HH4670,5.0,F
4671,Mo08HH4671,5.0,M
4672,Mo08HH4672,3.0,F
4673,Mo08HH4673,0.0,M
4674,Mo08HH4674,3.0,M
4675,Mo08HH4675,1.0,F
4676,Mo08HH4676,9.0,M
4677,Mo08HH4677,15.0,F
4678,Mo08HH4678,15.0,M
4679,Mo08HH4679,16.0,F
4680,Mo08HH4680,16.0,F
4681,Mo08HH4681,15.0,M
4682,Mo08HH4682,11.0,F
4683,Mo08HH4683,14.0,F
4684,Mo08HH4684,14.0,M
4685,Mo08HH4685,15.0,F
4686,Mo08HH4686,15.0,F
4687,Mo08HH4687,18.0,M
4688,Mo08HH4688,9.0,M
4689,Mo08HH4689,13.0,F
4690,Mo08HH4690,11.0,M
4691,Mo08HH4691,12.0,F
4692,Mo08HH4692,13.0,F
4694,Mo08HH4694,11.0,M
4695,Mo08HH4695,12.0,M
4696,Mo08HH4696,8.0,M
4697,Mo08HH4697,8.0,F
4698,Mo08HH4698,15.0,F
4699,Mo08HH4699,16.0,M
4700,Mo08HH4700,14.0,F
4701,Mo08HH4701,12.0,M
4702,Mo08HH4702,14.0,F
4703,Mo08HH4703,11.0,M
4704,Mo08HH4704,10.0,M
4705,Mo08HH4705,11.0,M
4706,Mo08HH4706,11.0,F
4707,Mo08HH4707,13.0,F
4708,Mo08HH4708,10.0,F
4709,Mo08HH4709,10.0,M
4710,Mo08HH4710,15.0,F
4711,Mo08HH4711,15.0,M
4712,Mo08HH4712,8.0,F
4713,Mo08HH4713,10.0,M
4714,Mo08HH4714,12.0,F
4715,Mo08HH4715,14.0,F
4716,Mo08HH4716,10.0,M
4717,Mo08HH4717,14.0,M
4718,Mo08HH4718,13.0,F
4719,Mo08HH4719,10.0,F
4720,Mo08HH4720,11.0,F
4721,Mo08HH4721,10.0,M
4722,Mo08HH4722,9.0,F
4723,Mo08HH4723,9.0,M
4724,Mo08HH4724,17.0,F
4725,Mo08HH4725,16.0,M
4726,Mo08HH4726,13.0,F
4727,Mo08HH4727,14.0,F
4728,Mo08HH4728,13.0,M
4729,Mo08HH4729,16.0,F
4730,Mo08HH4730,18.0,M
4731,Mo08HH4731,18.0,M
4732,Mo08HH4732,9.0,M
4733,Mo08HH4733,11.0,M
4734,Mo08HH4734,12.0,F
4735,Mo08HH4735,14.0,M
4737,Mo08HH4737,18.0,M
4738,Mo08HH4738,8.0,F
4739,Mo08HH4739,15.0,F
4740,Mo08HH4740,11.0,M
4741,Mo08HH4741,10.0,F
4742,Mo08HH4742,12.0,M
4743,Mo08HH4743,14.0,M
4744,Mo08HH4744,14.0,F
4745,Mo08HH4745,11.0,M
4746,Mo08HH4746,11.0,F
4747,Mo08HH4747,14.0,M
4748,Mo08HH4748,8.0,F
4749,Mo08HH4749,9.0,M
4750,Mo08HH4750,10.0,F
4751,Mo08HH4751,12.0,M
4752,Mo08HH4752,10.0,F
4753,Mo08HH4753,10.0,F
4754,Mo08HH4754,12.0,F
4755,Mo08HH4755,11.0,M
4756,Mo08HH4756,10.0,M
4757,Mo08HH4757,15.0,M
4758,Mo08HH4758,8.0,F
4759,Mo08HH4759,15.0,F
4760,Mo08HH4760,9.0,F
4761,Mo08HH4761,16.0,M
4762,Mo08HH4762,16.0,F
4763,Mo08HH4763,13.0,M
4764,Mo08HH4764,12.0,F
4765,Mo08HH4765,15.0,F
4766,Mo08HH4766,9.0,M
4767,Mo08HH4767,17.0,M
4768,Mo08HH4768,17.0,M
4769,Mo08HH4769,9.0,M
4770,Mo08HH4770,18.0,F
4771,Mo08HH4771,8.0,F
4772,Mo08HH4772,9.0,M
4773,Mo08HH4773,16.0,F
4774,Mo08HH4774,18.0,M
4776,Mo08HH4776,18.0,F
4777,Mo08HH4777,17.0,M
4778,Mo08HH4778,14.0,F
4779,Mo08HH4779,14.0,M
4780,Mo08HH4780,10.0,M
4781,Mo08HH4781,10.0,M
4782,Mo08HH4782,11.0,F
4783,Mo08HH4783,11.0,M
4784,Mo08HH4784,12.0,F
4785,Mo08HH4785,16.0,M
4786,Mo08HH4786,15.0,M
4787,Mo08HH4787,9.0,M
4788,Mo08HH4788,17.0,F
4789,Mo08HH4789,12.0,F
4790,Mo08HH4790,12.0,M
4791,Mo08HH4791,12.0,M
4792,Mo08HH4792,12.0,F
4793,Mo08HH4793,13.0,M
4794,Mo08HH4794,15.0,M
4795,Mo08HH4795,16.0,M
4796,Mo08HH4796,16.0,F
4797,Mo08HH4797,8.0,M
4798,Mo08HH4798,16.0,M
4799,Mo08HH4799,9.0,F
4800,Mo08HH4800,18.0,F
4801,Mo08HH4801,8.0,M
4802,Mo08HH4802,12.0,M
4803,Mo08HH4803,13.0,F
4804,Mo08HH4804,10.0,F
4805,Mo08HH4805,14.0,M
4806,Mo08HH4806,12.0,F
4807,Mo08HH4807,10.0,F
4808,Mo08HH4808,10.0,M
4809,Mo08HH4809,12.0,F
4810,Mo08HH4810,17.0,F
4811,Mo08HH4811,18.0,M
4812,Mo08HH4812,9.0,M
4813,Mo08HH4813,18.0,F
4814,Mo08HH4814,16.0,M
4815,Mo08HH4815,16.0,M
4816,Mo08HH4816,14.0,M
4817,Mo08HH4817,10.0,F
4819,Mo08HH4819,9.0,F
4820,Mo08HH4820,15.0,M
4821,Mo08HH4821,16.0,M
4822,Mo08HH4822,16.0,F
4823,Mo08HH4823,16.0,F
4824,Mo08HH4824,8.0,F
4825,Mo08HH4825,11.0,F
4826,Mo08HH4826,11.0,M
4827,Mo08HH4827,11.0,F
4828,Mo08HH4828,9.0,F
4829,Mo08HH4829,16.0,M
4830,Mo08HH4830,17.0,F
4831,Mo08HH4831,17.0,F
4832,Mo08HH4832,18.0,M
4833,Mo08HH4833,8.0,F
4834,Mo08HH4834,8.0,M
4835,Mo08HH4835,10.0,M
4836,Mo08HH4836,10.0,F
4837,Mo08HH4837,15.0,F
4838,Mo08HH4838,15.0,M
4839,Mo08HH4839,15.0,F
4840,Mo08HH4840,10.0,F
4841,Mo08HH4841,16.0,M
4842,Mo08HH4842,9.0,M
4843,Mo08HH4843,12.0,F
4844,Mo08HH4844,11.0,M
4845,Mo08HH4845,11.0,M
4846,Mo08HH4846,17.0,F
4847,Mo08HH4847,16.0,M
4848,Mo08HH4848,9.0,F
4849,Mo08HH4849,12.0,M
4850,Mo08HH4850,13.0,F
4851,Mo08HH4851,14.0,M
4852,Mo08HH4852,14.0,F
4853,Mo08HH4853,15.0,M
4854,Mo08HH4854,18.0,F
4855,Mo08HH4855,9.0,F
4856,Mo08HH4856,16.0,F
4857,Mo08HH4857,16.0,M
4858,Mo08HH4858,18.0,M
4859,Mo08HH4859,8.0,F
4860,Mo08HH4860,16.0,F
4861,Mo08HH4861,9.0,M
4862,Mo08HH4862,12.0,M
4863,Mo08HH4863,13.0,M
4864,Mo08HH4864,12.0,F
4865,Mo08HH4865,11.0,M
4866,Mo08HH4866,12.0,M
4867,Mo08HH4867,14.0,F
4868,Mo08HH4868,15.0,M
4869,Mo08HH4869,9.0,M
4872,Mo08HH4872,16.0,M
4873,Mo08HH4873,18.0,M
4874,Mo08HH4874,9.0,M
4875,Mo08HH4875,18.0,M
4876,Mo08HH4876,18.0,F
4877,Mo08HH4877,17.0,M
4878,Mo08HH4878,18.0,M
4879,Mo08HH4879,15.0,F
4880,Mo08HH4880,19.0,M
4881,Mo08HH4881,9.0,F
4882,Mo08HH4882,13.0,M
4883,Mo08HH4883,11.0,F
4884,Mo08HH4884,13.0,F
4885,Mo08HH4885,11.0,M
4886,Mo08HH4886,8.0,F
4887,Mo08HH4887,12.0,M
4888,Mo08HH4888,13.0,M
4889,Mo08HH4889,13.0,F
4890,Mo08HH4890,17.0,M
4891,Mo08HH4891,8.0,F
4893,Mo08HH4893,16.0,F
4894,Mo08HH4894,9.0,F
4895,Mo08HH4895,11.0,F
4896,Mo08HH4896,68.0,F
4897,Mo08HH4897,37.0,F
4898,Mo08HH4898,59.0,M
4899,Mo08HH4899,49.0,M
4900,Mo08HH4900,25.0,F
4901,Mo08HH4901,74.0,M
4902,Mo08HH4902,47.0,F
4903,Mo08HH4903,37.0,M
4904,Mo08HH4904,70.0,M
4905,Mo08HH4905,29.0,M
4906,Mo08HH4906,38.0,M
4907,Mo08HH4907,58.0,F
4908,Mo08HH4908,37.0,F
4909,Mo08HH4909,25.0,F
4910,Mo08HH4910,68.0,F
4911,Mo08HH4911,45.0,F
4912,Mo08HH4912,55.0,M
4913,Mo08HH4913,30.0,F
4914,Mo08HH4914,24.0,F
4915,Mo08HH4915,38.0,F
4916,Mo08HH4916,44.0,M
4917,Mo08HH4917,20.0,M
4918,Mo08HH4918,63.0,F
4919,Mo08HH4919,53.0,F
4920,Mo08HH4920,54.0,M
4921,Mo08HH4921,69.0,M
4922,Mo08HH4922,35.0,F
4923,Mo08HH4923,28.0,F
4924,Mo08HH4924,59.0,M
4925,Mo08HH4925,45.0,M
4926,Mo08HH4926,35.0,M
4927,Mo08HH4927,65.0,F
4928,Mo08HH4928,47.0,F
4929,Mo08HH4929,32.0,F
4930,Mo08HH4930,19.0,F
4931,Mo08HH4931,44.0,M
4932,Mo08HH4932,20.0,M
4933,Mo08HH4933,52.0,F
4934,Mo08HH4934,50.0,M
4935,Mo08HH4935,40.0,F
4936,Mo08HH4936,62.0,F
4937,Mo08HH4937,54.0,F
4938,Mo08HH4938,52.0,M
4939,Mo08HH4939,59.0,F
4940,Mo08HH4940,42.0,M
4941,Mo08HH4941,40.0,F
4942,Mo08HH4942,32.0,F
4943,Mo08HH4943,20.0,M
4944,Mo08HH4944,23.0,M
4945,Mo08HH4945,55.0,M
4946,Mo08HH4946,57.0,F
4947,Mo08HH4947,73.0,F
4948,Mo08HH4948,48.0,F
4949,Mo08HH4949,29.0,M
4950,Mo08HH4950,39.0,M
4951,Mo08HH4951,36.0,F
4952,Mo08HH4952,49.0,M
4953,Mo08HH4953,17.0,F
4954,Mo08HH4954,17.0,M
4955,Mo08HH4955,15.0,F
4956,Mo08HH4956,38.0,M
4957,Mo08HH4957,27.0,F
4958,Mo08HH4958,75.0,F
4960,Mo08HH4960,77.0,M
4961,Mo08HH4961,49.0,M
4962,Mo08HH4962,55.0,F
4963,Mo08HH4963,46.0,F
4964,Mo08HH4964,28.0,M
4965,Mo08HH4965,53.0,M
4966,Mo08HH4966,31.0,F
4967,Mo08HH4967,64.0,M
4968,Mo08HH4968,62.0,F
4969,Mo08HH4969,20.0,F
4970,Mo08HH4970,30.0,M
4971,Mo08HH4971,19.0,M
4972,Mo08HH4972,43.0,F
4973,Mo08HH4973,43.0,M
4974,Mo08HH4974,22.0,F
4975,Mo08HH4975,50.0,F
4976,Mo08HH4976,44.0,F
4977,Mo08HH4977,64.0,M
4978,Mo08HH4978,20.0,M
4979,Mo08HH4979,42.0,M
4980,Mo08HH4980,34.0,M
4981,Mo08HH4981,34.0,F
4982,Mo08HH4982,64.0,F
4983,Mo08HH4983,62.0,F
4984,Mo08HH4984,34.0,F
4985,Mo08HH4985,51.0,M
4986,Mo08HH4986,63.0,M
4987,Mo08HH4987,43.0,M
4988,Mo08HH4988,43.0,F
4989,Mo08HH4989,22.0,F
4990,Mo08HH4990,20.0,M
4991,Mo08HH4991,33.0,M
4992,Mo08HH4992,44.0,F
4993,Mo08HH4993,33.0,F
4994,Mo08HH4994,32.0,M
4995,Mo08HH4995,24.0,M
4996,Mo08HH4996,60.0,F
4997,Mo08HH4997,53.0,M
4998,Mo08HH4998,54.0,F
4999,Mo08HH4999,62.0,M
5000,Mo08HH5000,24.0,F
5001,Mo08HH5001,19.0,F
5002,Mo08HH5002,43.0,F
5003,Mo08HH5003,30.0,M
5004,Mo08HH5004,51.0,M
5005,Mo08HH5005,19.0,M
5006,Mo08HH5006,52.0,F
5007,Mo08HH5007,26.0,F
5008,Mo08HH5008,35.0,M
5009,Mo08HH5009,38.0,F
5010,Mo08HH5010,74.0,F
5011,Mo08HH5011,71.0,M
5012,Mo08HH5012,46.0,M
5013,Mo08HH5013,55.0,F
5014,Mo08HH5014,46.0,F
5015,Mo08HH5015,27.0,M
5016,Mo08HH5016,19.0,M
5017,Mo08HH5017,60.0,F
5018,Mo08HH5018,41.0,F
5019,Mo08HH5019,53.0,M
5020,Mo08HH5020,32.0,F
5021,Mo08HH5021,62.0,M
5022,Mo08HH5022,19.0,F
5023,Mo08HH5023,54.0,F
5024,Mo08HH5024,43.0,M
5025,Mo08HH5025,30.0,M
5026,Mo08HH5026,54.0,F
5027,Mo08HH5027,62.0,F
5028,Mo08HH5028,64.0,M
5029,Mo08HH5029,49.0,M
5030,Mo08HH5030,21.0,F
5031,Mo08HH5031,21.0,M
5032,Mo08HH5032,33.0,F
5033,Mo08HH5033,36.0,M
5034,Mo08HH5034,59.0,F
5035,Mo08HH5035,28.0,M
5037,Mo08HH5037,45.0,F
5038,Mo08HH5038,26.0,F
5039,Mo08HH5039,39.0,F
5040,Mo08HH5040,72.0,F
5041,Mo08HH5041,59.0,M
5042,Mo08HH5042,62.0,M
5043,Mo08HH5043,52.0,F
5044,Mo08HH5044,44.0,F
5045,Mo08HH5045,52.0,M
5046,Mo08HH5046,42.0,M
5047,Mo08HH5047,22.0,M
5048,Mo08HH5048,30.0,M
5049,Mo08HH5049,20.0,F
5050,Mo08HH5050,56.0,M
5051,Mo08HH5051,65.0,F
5052,Mo08HH5052,25.0,M
5053,Mo08HH5053,49.0,F
5054,Mo08HH5054,49.0,M
5055,Mo08HH5055,35.0,F
5056,Mo08HH5056,59.0,F
5057,Mo08HH5057,61.0,M
5058,Mo08HH5058,41.0,F
5059,Mo08HH5059,22.0,F
5060,Mo08HH5060,30.0,F
5061,Mo08HH5061,32.0,M
5062,Mo08HH5062,19.0,M
5063,Mo08HH5063,51.0,M
5064,Mo08HH5064,63.0,F
5065,Mo08HH5065,54.0,F
5066,Mo08HH5066,52.0,M
5068,Mo08HH5068,61.0,F
5069,Mo08HH5069,24.0,M
5070,Mo08HH5070,20.0,F
5071,Mo08HH5071,44.0,F
5072,Mo08HH5072,20.0,F
5073,Mo08HH5073,20.0,M
5074,Mo08HH5074,54.0,F
5075,Mo08HH5075,42.0,M
5076,Mo08HH5076,50.0,M
5077,Mo08HH5077,32.0,M
5078,Mo08HH5078,63.0,M
5079,Mo08HH5079,40.0,F
5080,Mo08HH5080,34.0,M
5081,Mo08HH5081,50.0,M
5082,Mo08HH5082,24.0,M
5083,Mo08HH5083,54.0,F
5084,Mo08HH5084,30.0,M
5085,Mo08HH5085,40.0,M
5086,Mo08HH5086,54.0,M
5087,Mo08HH5087,24.0,F
5088,Mo08HH5088,62.0,M
5089,Mo08HH5089,34.0,F
5090,Mo08HH5090,60.0,F
5092,Mo08HH5092,39.0,F
5095,Mo08HH5095,54.0,M
5096,Mo08HH5096,26.0,M
5097,Mo08HH5097,38.0,M
5098,Mo08HH5098,64.0,F
5099,Mo08HH5099,55.0,F
5100,Mo08HH5100,32.0,F
5101,Mo08HH5101,44.0,F
5102,Mo08HH5102,49.0,M
5103,Mo08HH5103,36.0,F
5104,Mo08HH5104,79.0,M
5105,Mo08HH5105,64.0,F
5106,Mo08HH5106,41.0,M
5108,Mo08HH5108,42.0,F
5109,Mo08HH5109,18.0,F
5110,Mo08HH5110,63.0,M
5111,Mo08HH5111,23.0,M
5112,Mo08HH5112,34.0,F
5113,Mo08HH5113,60.0,M
5114,Mo08HH5114,64.0,F
5115,Mo08HH5115,32.0,F
5116,Mo08HH5116,32.0,M
5117,Mo08HH5117,22.0,M
5118,Mo08HH5118,21.0,F
5119,Mo08HH5119,41.0,F
5120,Mo08HH5120,54.0,F
5121,Mo08HH5121,51.0,M
5122,Mo08HH5122,64.0,M
5123,Mo08HH5123,21.0,F
5124,Mo08HH5124,34.0,F
5126,Mo08HH5126,63.0,F
5127,Mo08HH5127,44.0,F
5128,Mo08HH5128,54.0,M
5129,Mo08HH5129,51.0,F
5130,Mo08HH5130,19.0,M
5131,Mo08HH5131,44.0,F
5132,Mo08HH5132,22.0,M
5133,Mo08HH5133,54.0,M
5134,Mo08HH5134,30.0,M
5135,Mo08HH5135,52.0,F
5136,Mo08HH5136,63.0,M
5137,Mo08HH5137,24.0,F
5138,Mo08HH5138,42.0,M
5139,Mo08HH5139,60.0,F
5140,Mo08HH5140,24.0,F
5141,Mo08HH5141,32.0,F
5143,Mo08HH5143,51.0,F
5144,Mo08HH5144,31.0,M
5145,Mo08HH5145,60.0,M
5146,Mo08HH5146,24.0,M
5147,Mo08HH5147,50.0,M
5148,Mo08HH5148,70.0,M
5149,Mo08HH5149,37.0,M
5150,Mo08HH5150,28.0,F
5151,Mo08HH5151,47.0,M
5152,Mo08HH5152,70.0,F
5153,Mo08HH5153,39.0,F
5154,Mo08HH5154,59.0,F
5155,Mo08HH5155,28.0,M
5156,Mo08HH5156,70.0,F
5157,Mo08HH5157,35.0,M
5158,Mo08HH5158,46.0,M
5159,Mo08HH5159,70.0,M
5160,Mo08HH5160,38.0,F
5161,Mo08HH5161,55.0,F
5162,Mo08HH5162,27.0,M
5163,Mo08HH5163,27.0,F
5164,Mo08HH5164,45.0,F
5166,Mo08HH5166,33.0,F
5167,Mo08HH5167,54.0,M
5168,Mo08HH5168,20.0,M
5169,Mo08HH5169,40.0,F
5170,Mo08HH5170,44.0,M
5171,Mo08HH5171,60.0,F
5172,Mo08HH5172,63.0,M
5173,Mo08HH5173,19.0,F
5174,Mo08HH5174,49.0,M
5175,Mo08HH5175,38.0,M
5176,Mo08HH5176,36.0,F
5177,Mo08HH5177,55.0,M
5178,Mo08HH5178,57.0,F
5179,Mo08HH5179,48.0,F
5180,Mo08HH5180,79.0,F
5181,Mo08HH5181,26.0,M
5182,Mo08HH5182,35.0,M
5183,Mo08HH5183,55.0,M
5184,Mo08HH5184,25.0,M
5185,Mo08HH5185,22.0,F
5186,Mo08HH5186,36.0,F
5187,Mo08HH5187,65.0,F
5188,Mo08HH5188,55.0,F
5189,Mo08HH5189,28.0,F
5190,Mo08HH5190,45.0,F
5191,Mo08HH5191,47.0,F
5192,Mo08HH5192,55.0,M
5193,Mo08HH5193,38.0,F
5194,Mo08HH5194,26.0,F
5195,Mo08HH5195,68.0,F
5197,Mo08HH5197,45.0,M
5198,Mo08HH5198,59.0,F
5199,Mo08HH5199,25.0,F
5200,Mo08HH5200,39.0,M
5201,Mo08HH5201,29.0,M
5202,Mo08HH5202,67.0,M
5203,Mo08HH5203,47.0,F
5204,Mo08HH5204,49.0,M
5205,Mo08HH5205,73.0,F
5207,Mo08HH5207,30.0,M
5208,Mo08HH5208,60.0,M
5209,Mo08HH5209,60.0,F
5210,Mo08HH5210,60.0,F
5211,Mo08HH5211,60.0,M
5212,Mo08HH5212,19.0,F
5213,Mo08HH5213,50.0,F
5214,Mo08HH5214,30.0,F
5215,Mo08HH5215,40.0,F
5216,Mo08HH5216,62.0,F
5217,Mo08HH5217,34.0,M
5218,Mo08HH5218,54.0,F
5219,Mo08HH5219,52.0,M
5220,Mo08HH5220,64.0,M
5221,Mo08HH5221,22.0,F
5222,Mo08HH5222,43.0,F
5223,Mo08HH5223,23.0,M
5224,Mo08HH5224,61.0,F
5225,Mo08HH5225,31.0,M
5226,Mo08HH5226,21.0,F
5227,Mo08HH5227,41.0,M
5228,Mo08HH5228,21.0,M
5229,Mo08HH5229,44.0,F
5230,Mo08HH5230,34.0,F
5231,Mo08HH5231,51.0,F
5232,Mo08HH5232,64.0,M
5233,Mo08HH5233,26.0,M
5234,Mo08HH5234,57.0,M
5235,Mo08HH5235,72.0,M
5236,Mo08HH5236,48.0,F
5237,Mo08HH5237,29.0,F
5238,Mo08HH5238,37.0,F
5239,Mo08HH5239,57.0,M
5240,Mo08HH5240,54.0,F
5241,Mo08HH5241,54.0,M
5242,Mo08HH5242,19.0,M
5243,Mo08HH5243,44.0,F
5244,Mo08HH5244,19.0,F
5245,Mo08HH5245,52.0,F
5246,Mo08HH5246,43.0,M
5247,Mo08HH5247,21.0,M
5248,Mo08HH5248,60.0,F
5249,Mo08HH5249,34.0,F
5250,Mo08HH5250,42.0,M
5251,Mo08HH5251,24.0,F
5252,Mo08HH5252,50.0,F
5253,Mo08HH5253,64.0,F
5254,Mo08HH5254,52.0,F
5255,Mo08HH5255,30.0,F
5256,Mo08HH5256,21.0,M
5257,Mo08HH5257,61.0,M
5258,Mo08HH5258,30.0,M
5259,Mo08HH5259,48.0,F
5260,Mo08HH5260,28.0,M
5261,Mo08HH5261,45.0,M
5262,Mo08HH5262,35.0,M
5263,Mo08HH5263,59.0,M
5264,Mo08HH5264,35.0,F
5265,Mo08HH5265,70.0,F
5266,Mo08HH5266,56.0,F
5267,Mo08HH5267,35.0,F
5268,Mo08HH5268,27.0,M
5269,Mo08HH5269,74.0,F
5270,Mo08HH5270,29.0,F
5271,Mo08HH5271,57.0,M
5272,Mo08HH5272,37.0,M
5273,Mo08HH5273,70.0,M
5274,Mo08HH5274,47.0,M
5275,Mo08HH5275,59.0,F
5276,Mo08HH5276,28.0,F
5277,Mo08HH5277,38.0,F
5278,Mo08HH5278,46.0,F
5279,Mo08HH5279,48.0,M
5280,Mo08HH5280,38.0,M
5281,Mo08HH5281,58.0,F
5282,Mo08HH5282,29.0,M
5283,Mo08HH5283,68.0,M
5284,Mo08HH5284,66.0,F
5286,Mo08HH5286,39.0,F
5287,Mo08HH5287,61.0,F
5288,Mo08HH5288,20.0,F
5289,Mo08HH5289,41.0,F
5290,Mo08HH5290,41.0,M
5291,Mo08HH5291,30.0,F
5292,Mo08HH5292,45.0,F
5293,Mo08HH5293,42.0,F
5295,Mo08HH5295,29.0,M
5296,Mo08HH5296,39.0,F
5297,Mo08HH5297,28.0,M
5298,Mo08HH5298,26.0,F
5299,Mo08HH5299,55.0,F
5300,Mo08HH5300,35.0,F
5301,Mo08HH5301,39.0,M
5302,Mo08HH5302,68.0,M
5303,Mo08HH5303,49.0,F
5304,Mo08HH5304,55.0,M
5305,Mo08HH5305,26.0,F
5306,Mo08HH5306,28.0,M
5307,Mo08HH5307,65.0,F
5308,Mo08HH5308,23.0,F
5309,Mo08HH5309,63.0,F
5310,Mo08HH5310,40.0,F
5311,Mo08HH5311,34.0,M
5312,Mo08HH5312,32.0,F
5313,Mo08HH5313,54.0,F
5314,Mo08HH5314,61.0,M
5315,Mo08HH5315,50.0,M
5316,Mo08HH5316,68.0,F
5317,Mo08HH5317,69.0,M
5318,Mo08HH5318,39.0,F
5319,Mo08HH5319,45.0,M
5320,Mo08HH5320,28.0,F
5321,Mo08HH5321,39.0,M
5322,Mo08HH5322,58.0,F
5323,Mo08HH5323,58.0,M
5324,Mo08HH5324,45.0,F
5325,Mo08HH5325,35.0,M
5326,Mo08HH5326,57.0,M
5327,Mo08HH5327,39.0,F
5328,Mo08HH5328,29.0,M
5329,Mo08HH5329,38.0,F
5330,Mo08HH5330,40.0,M
5331,Mo08HH5331,54.0,M
5332,Mo08HH5332,63.0,F
5333,Mo08HH5333,33.0,M
5336,Mo08HH5336,40.0,M
5337,Mo08HH5337,18.0,M
5338,Mo08HH5338,65.0,F
5339,Mo08HH5339,74.0,M
5340,Mo08HH5340,55.0,M
5341,Mo08HH5341,46.0,M
5342,Mo08HH5342,37.0,M
5343,Mo08HH5343,37.0,F
5344,Mo08HH5344,26.0,F
5345,Mo08HH5345,58.0,F
5346,Mo08HH5346,26.0,M
5347,Mo08HH5347,35.0,M
5348,Mo08HH5348,47.0,F
5349,Mo08HH5349,73.0,M
5350,Mo08HH5350,39.0,F
5351,Mo08HH5351,59.0,M
5352,Mo08HH5352,47.0,M
5353,Mo08HH5353,25.0,F
5354,Mo08HH5354,40.0,F
5355,Mo08HH5355,33.0,M
5356,Mo08HH5356,21.0,M
5357,Mo08HH5357,19.0,F
5358,Mo08HH5358,54.0,F
5359,Mo08HH5359,40.0,M
5360,Mo08HH5360,54.0,M
5361,Mo08HH5361,62.0,F
5362,Mo08HH5362,59.0,M
5363,Mo08HH5363,26.0,M
5364,Mo08HH5364,45.0,M
5365,Mo08HH5365,71.0,F
5366,Mo08HH5366,29.0,F
5367,Mo08HH5367,65.0,M
5368,Mo08HH5368,35.0,M
5369,Mo08HH5369,59.0,M
5370,Mo08HH5370,38.0,F
5371,Mo08HH5371,39.0,M
5372,Mo08HH5372,56.0,F
5373,Mo08HH5373,25.0,F
5374,Mo08HH5374,25.0,M
5375,Mo08HH5375,59.0,M
5376,Mo08HH5376,49.0,F
5377,Mo08HH5377,49.0,M
5378,Mo08HH5378,72.0,M
5379,Mo08HH5379,20.0,M
5380,Mo08HH5380,19.0,F
5381,Mo08HH5381,44.0,F
5382,Mo08HH5382,34.0,M
5383,Mo08HH5383,64.0,M
5384,Mo08HH5384,40.0,M
5385,Mo08HH5385,54.0,F
5386,Mo08HH5386,53.0,F
5387,Mo08HH5387,33.0,F
5388,Mo08HH5388,40.0,M
5389,Mo08HH5389,50.0,M
5390,Mo08HH5390,29.0,F
5391,Mo08HH5391,24.0,F
5392,Mo08HH5392,61.0,F
5394,Mo08HH5394,43.0,F
5395,Mo08HH5395,19.0,M
5396,Mo08HH5396,19.0,F
5397,Mo08HH5397,20.0,F
5398,Mo08HH5398,32.0,F
5399,Mo08HH5399,63.0,M
5400,Mo08HH5400,41.0,M
5401,Mo08HH5401,62.0,F
5402,Mo08HH5402,50.0,M
5403,Mo08HH5403,58.0,M
5404,Mo08HH5404,17.0,F
5405,Mo08HH5405,65.0,F
5406,Mo08HH5406,38.0,M
5407,Mo08HH5407,49.0,M
5408,Mo08HH5408,29.0,F
5409,Mo08HH5409,39.0,F
5410,Mo08HH5410,65.0,M
5411,Mo08HH5411,46.0,F
5412,Mo08HH5412,58.0,F
5413,Mo08HH5413,65.0,F
5414,Mo08HH5414,45.0,M
5415,Mo08HH5415,59.0,M
5416,Mo08HH5416,37.0,M
5417,Mo08HH5417,27.0,F
5418,Mo08HH5418,37.0,F
5419,Mo08HH5419,57.0,M
5420,Mo08HH5420,25.0,M
5421,Mo08HH5421,65.0,F
5422,Mo08HH5422,59.0,F
5423,Mo08HH5423,77.0,M
5424,Mo08HH5424,47.0,F
5425,Mo08HH5425,63.0,M
5426,Mo08HH5426,54.0,F
5427,Mo08HH5427,63.0,F
5428,Mo08HH5428,21.0,F
5429,Mo08HH5429,40.0,M
5430,Mo08HH5430,32.0,M
5431,Mo08HH5431,24.0,M
5433,Mo08HH5433,20.0,F
5434,Mo08HH5434,34.0,M
5435,Mo08HH5435,42.0,F
5436,Mo08HH5436,31.0,F
5437,Mo08HH5437,54.0,F
5438,Mo08HH5438,19.0,M
5439,Mo08HH5439,50.0,M
5440,Mo08HH5440,63.0,M
5441,Mo08HH5441,64.0,F
5445,Mo08HH5445,59.0,F
5446,Mo08HH5446,55.0,M
5450,Mo08HH5450,29.0,M
5452,Mo08HH5452,75.0,F
5455,Mo08HH5455,67.0,M
5456,Mo08HH5456,40.0,M
5458,Mo08HH5458,38.0,F
5460,Mo08HH5460,43.0,M
5461,Mo08HH5461,53.0,F
5462,Mo08HH5462,37.0,M
5463,Mo08HH5463,21.0,F
5464,Mo08HH5464,61.0,F
5465,Mo08HH5465,28.0,F
5466,Mo08HH5466,37.0,F
5468,Mo08HH5468,64.0,F
5469,Mo08HH5469,38.0,F
5470,Mo08HH5470,26.0,F
5471,Mo08HH5471,45.0,F
5472,Mo08HH5472,26.0,M
5473,Mo08HH5473,35.0,F
5474,Mo08HH5474,45.0,M
5475,Mo08HH5475,38.0,M
5476,Mo08HH5476,59.0,F
5477,Mo08HH5477,74.0,F
5478,Mo08HH5478,55.0,M
5479,Mo08HH5479,78.0,F
5480,Mo08HH5480,18.0,M
5481,Mo08HH5481,30.0,F
5482,Mo08HH5482,53.0,F
5483,Mo08HH5483,22.0,F
5484,Mo08HH5484,22.0,F
5485,Mo08HH5485,41.0,M
5486,Mo08HH5486,60.0,F
5487,Mo08HH5487,60.0,M
5488,Mo08HH5488,44.0,F
5489,Mo08HH5489,52.0,M
5490,Mo08HH5490,32.0,F
5491,Mo08HH5491,20.0,M
5492,Mo08HH5492,43.0,F
5493,Mo08HH5493,19.0,M
5494,Mo08HH5494,23.0,F
5495,Mo08HH5495,53.0,F
5496,Mo08HH5496,43.0,M
5497,Mo08HH5497,60.0,M
5498,Mo08HH5498,30.0,M
5499,Mo08HH5499,67.0,F
5500,Mo08HH5500,36.0,F
5501,Mo08HH5501,45.0,M
5502,Mo08HH5502,29.0,F
5503,Mo08HH5503,65.0,M
5504,Mo08HH5504,45.0,F
5505,Mo08HH5505,55.0,F
5506,Mo08HH5506,39.0,M
5507,Mo08HH5507,27.0,M
5508,Mo08HH5508,26.0,M
5509,Mo08HH5509,45.0,F
5510,Mo08HH5510,58.0,F
5511,Mo08HH5511,72.0,M
5512,Mo08HH5512,65.0,F
5513,Mo08HH5513,36.0,F
5514,Mo08HH5514,64.0,F
5515,Mo08HH5515,39.0,F
5521,Mo08HH5521,34.0,F
50030,Mo08HH50030,65.0,M
50031,Mo08HH50031,75.0,M
50032,Mo08HH50032,30.0,F
50033,Mo08HH50033,27.0,M
50034,Mo08HH50034,50.0,M
50035,Mo08HH50035,63.0,F
