part_id,type,part_occupation,part_occupation_detail,part_education,part_education_length,participant_school_year,participant_nationality,child_care,child_care_detail,child_relationship,child_nationality,problems,diary_how,diary_missed_unsp,diary_missed_skin,diary_missed_noskin
3377,1,1.0,,3.0,,,UK,,,,,N,1.0,3.0,,
4517,3,5.0,4.0,4.0,13.0,,UK,Y,,1.0,UK,,,1.0,1.0,1.0
4518,3,5.0,,4.0,13.0,,UK,Y,,1.0,UK,,,3.0,1.0,3.0
4519,3,5.0,2.0,4.0,13.0,,UK,Y,,1.0,UK,,,1.0,1.0,1.0
4520,3,5.0,4.0,4.0,13.0,,UK,Y,,1.0,UK,,,1.0,1.0,1.0
4521,3,5.0,3.0,4.0,13.0,,UK,Y,,2.0,UK,,,1.0,1.0,1.0
4522,3,5.0,1.0,4.0,13.0,,UK,Y,,1.0,UK,,,1.0,1.0,1.0
4523,3,5.0,,4.0,13.0,,UK,Y,,1.0,UK,,,1.0,1.0,1.0
4524,3,5.0,1.0,4.0,13.0,,UK,Y,,2.0,UK,,,1.0,1.0,1.0
4525,3,5.0,,4.0,13.0,,UK,Y,,1.0,UK,,,1.0,1.0,1.0
4526,3,6.0,,4.0,13.0,,UK,N,,1.0,UK,,,1.0,1.0,1.0
4527,3,5.0,,,,,UK,Y,,1.0,UK,,,1.0,1.0,1.0
4528,3,5.0,4.0,4.0,13.0,,UK,Y,,1.0,UK,,,1.0,1.0,1.0
4529,3,6.0,,4.0,13.0,,UK,N,,1.0,UK,,,1.0,1.0,1.0
4530,3,6.0,,4.0,13.0,,UK,N,,1.0,UK,,,1.0,1.0,1.0
4531,3,6.0,2.0,4.0,13.0,,UK,N,,1.0,UK,,,4.0,1.0,4.0
4532,3,6.0,2.0,4.0,13.0,,UK,N,,1.0,UK,,,4.0,1.0,4.0
4533,3,6.0,4.0,4.0,13.0,,UK,N,,1.0,UK,,,4.0,1.0,4.0
4534,3,5.0,,4.0,13.0,,UK,Y,,1.0,UK,,,4.0,1.0,4.0
4535,3,5.0,,5.0,16.0,,UK,Y,,1.0,UK,,,1.0,1.0,1.0
4536,3,6.0,2.0,4.0,13.0,,UK,N,,1.0,UK,,,4.0,1.0,4.0
4537,3,5.0,1.0,4.0,13.0,,UK,Y,,1.0,UK,,,1.0,1.0,1.0
4538,3,6.0,2.0,4.0,13.0,,UK,N,,1.0,UK,,,1.0,1.0,1.0
4539,3,6.0,1.0,5.0,16.0,,UK,N,,1.0,UK,,,1.0,1.0,1.0
4540,3,6.0,1.0,6.0,18.0,,UK,N,,1.0,UK,,,1.0,1.0,1.0
4541,3,6.0,1.0,6.0,18.0,,UK,N,,1.0,UK,,,1.0,1.0,1.0
4542,3,5.0,4.0,4.0,13.0,,UK,Y,,1.0,UK,,,1.0,1.0,1.0
4543,3,5.0,2.0,4.0,13.0,,UK,Y,,1.0,UK,,,1.0,1.0,1.0
4544,3,5.0,2.0,4.0,13.0,,UK,Y,,1.0,UK,,,1.0,1.0,1.0
4545,3,6.0,3.0,,,,UK,N,,1.0,UK,,,1.0,1.0,1.0
4546,3,5.0,2.0,4.0,13.0,,UK,Y,,1.0,UK,,,1.0,1.0,1.0
4547,3,6.0,3.0,4.0,13.0,,UK,N,,1.0,UK,,,1.0,1.0,1.0
4548,3,6.0,,4.0,13.0,,UK,N,,1.0,UK,,,1.0,1.0,1.0
4549,3,6.0,3.0,4.0,13.0,,UK,N,,1.0,UK,,,1.0,1.0,1.0
4550,3,5.0,,4.0,13.0,,UK,Y,,1.0,UK,,,3.0,1.0,3.0
4551,3,5.0,2.0,4.0,13.0,,UK,Y,,1.0,UK,,,4.0,4.0,4.0
4552,3,5.0,1.0,5.0,16.0,,UK,Y,,1.0,UK,,,1.0,1.0,1.0
4553,3,5.0,,4.0,13.0,,UK,Y,,1.0,UK,,,2.0,1.0,2.0
4554,3,5.0,2.0,4.0,13.0,,UK,Y,,1.0,UK,,,1.0,1.0,1.0
4555,3,5.0,1.0,4.0,13.0,,UK,Y,,1.0,UK,,,1.0,1.0,1.0
4556,3,6.0,,4.0,13.0,,UK,N,,1.0,UK,,,1.0,1.0,1.0
4557,3,6.0,,4.0,13.0,,UK,N,,1.0,UK,,,1.0,1.0,1.0
4558,3,6.0,,4.0,13.0,,UK,N,,2.0,UK,,,1.0,1.0,1.0
4559,3,6.0,4.0,4.0,13.0,,UK,N,,1.0,UK,,,1.0,1.0,1.0
4560,3,5.0,4.0,,,,UK,Y,,1.0,UK,,,1.0,1.0,1.0
4561,3,6.0,,1.0,6.0,,UK,N,,1.0,UK,,,4.0,1.0,4.0
4562,3,5.0,,1.0,6.0,,UK,Y,,1.0,UK,,,1.0,1.0,1.0
4564,3,6.0,4.0,4.0,13.0,,UK,N,,1.0,UK,,,1.0,1.0,1.0
4565,3,5.0,,,,,UK,Y,,1.0,UK,,,1.0,1.0,1.0
4566,3,5.0,,5.0,16.0,,UK,Y,,1.0,UK,,,1.0,1.0,1.0
4567,3,6.0,,5.0,16.0,,UK,N,,1.0,UK,,,1.0,1.0,1.0
4568,3,6.0,2.0,4.0,13.0,,UK,N,,1.0,UK,,,1.0,1.0,1.0
4569,3,6.0,,4.0,13.0,,UK,N,,1.0,UK,,,4.0,1.0,4.0
4570,3,6.0,2.0,4.0,13.0,,UK,N,,1.0,UK,,,4.0,1.0,4.0
4571,3,5.0,,4.0,13.0,,UK,Y,,1.0,UK,,,1.0,1.0,1.0
4572,3,5.0,2.0,5.0,16.0,,UK,Y,,2.0,UK,,,1.0,1.0,1.0
4573,3,6.0,,4.0,13.0,,UK,N,,1.0,UK,,,4.0,4.0,4.0
4574,3,6.0,2.0,4.0,13.0,,UK,N,,1.0,UK,,,4.0,4.0,4.0
4575,3,5.0,4.0,,,,UK,Y,,3.0,UK,,,4.0,1.0,4.0
4576,3,5.0,3.0,5.0,16.0,,UK,Y,,4.0,UK,,,1.0,1.0,1.0
4577,3,5.0,4.0,4.0,13.0,,UK,Y,,1.0,UK,,,1.0,1.0,1.0
4578,3,5.0,,1.0,6.0,,UK,Y,,1.0,UK,,,1.0,1.0,1.0
4579,3,6.0,,4.0,13.0,,UK,N,,1.0,UK,,,1.0,1.0,1.0
4580,3,6.0,,4.0,13.0,,UK,N,,1.0,UK,,,1.0,1.0,1.0
4581,3,5.0,,4.0,13.0,,UK,Y,,1.0,UK,,,1.0,1.0,1.0
4582,3,6.0,,4.0,13.0,,UK,N,,1.0,UK,,,1.0,1.0,1.0
4583,3,5.0,2.0,4.0,13.0,,UK,Y,,1.0,UK,,,4.0,3.0,4.0
4584,3,6.0,,4.0,13.0,,UK,N,,1.0,UK,,,4.0,1.0,4.0
4585,3,5.0,,4.0,13.0,,UK,Y,,1.0,UK,,,1.0,1.0,1.0
4587,3,5.0,,4.0,13.0,,UK,Y,,1.0,UK,,,1.0,1.0,1.0
4588,3,6.0,,4.0,13.0,,UK,N,,1.0,UK,,,3.0,3.0,1.0
4589,3,,,4.0,13.0,,UK,,,1.0,UK,,,1.0,1.0,1.0
4590,3,5.0,2.0,4.0,13.0,,UK,Y,,1.0,UK,,,4.0,4.0,4.0
4591,3,6.0,4.0,4.0,13.0,,UK,N,,1.0,UK,,,4.0,3.0,3.0
4592,3,5.0,4.0,4.0,13.0,,UK,Y,,1.0,UK,,,1.0,1.0,1.0
4593,3,5.0,,4.0,13.0,,UK,Y,,1.0,UK,,,1.0,1.0,1.0
4594,3,5.0,2.0,4.0,13.0,,UK,Y,,1.0,UK,,,1.0,1.0,1.0
4595,3,6.0,,4.0,13.0,,UK,N,,1.0,UK,,,1.0,1.0,1.0
4596,3,6.0,,,,,UK,N,,1.0,UK,,,1.0,1.0,1.0
4597,3,6.0,,4.0,13.0,,UK,N,,1.0,UK,,,1.0,1.0,1.0
4598,3,5.0,,4.0,13.0,,UK,Y,,1.0,UK,,,1.0,1.0,1.0
4599,3,5.0,4.0,4.0,13.0,,UK,Y,,1.0,UK,,,1.0,1.0,1.0
4600,3,5.0,1.0,4.0,13.0,,UK,Y,,1.0,UK,,,1.0,1.0,1.0
4601,3,5.0,2.0,4.0,13.0,,UK,Y,,1.0,UK,,,1.0,1.0,1.0
4602,3,5.0,2.0,4.0,13.0,,UK,Y,,1.0,UK,,,4.0,4.0,4.0
4603,3,6.0,,4.0,13.0,,UK,N,,1.0,UK,,,1.0,1.0,1.0
4604,3,6.0,,4.0,13.0,,UK,N,,1.0,UK,,,1.0,1.0,1.0
4605,3,6.0,,,,,UK,N,,1.0,UK,,,1.0,1.0,1.0
4606,3,6.0,3.0,4.0,13.0,,UK,N,,1.0,UK,,,1.0,1.0,1.0
4607,3,6.0,4.0,4.0,13.0,,UK,N,,1.0,UK,,,1.0,1.0,1.0
4608,3,6.0,4.0,4.0,13.0,,UK,N,,2.0,UK,,,1.0,1.0,1.0
4609,3,6.0,,1.0,6.0,,UK,N,,1.0,UK,,,4.0,1.0,4.0
4610,3,6.0,,4.0,13.0,,UK,N,,1.0,UK,,,1.0,1.0,1.0
4611,3,6.0,,4.0,13.0,,UK,N,,2.0,UK,,,1.0,1.0,1.0
4612,3,5.0,,4.0,13.0,,UK,Y,,2.0,UK,,,1.0,1.0,1.0
4613,3,5.0,,5.0,16.0,,UK,Y,,1.0,UK,,,1.0,1.0,1.0
4614,3,5.0,,4.0,13.0,,UK,Y,,1.0,UK,,,1.0,1.0,1.0
4615,3,5.0,2.0,4.0,13.0,,UK,Y,,1.0,UK,,,3.0,1.0,3.0
4616,3,5.0,,4.0,13.0,,UK,Y,,1.0,UK,,,1.0,1.0,1.0
4617,3,5.0,,4.0,13.0,,UK,Y,,1.0,UK,,,1.0,1.0,1.0
4618,3,5.0,4.0,4.0,13.0,,UK,Y,,2.0,UK,,,1.0,1.0,1.0
4619,3,5.0,2.0,5.0,16.0,,UK,Y,,1.0,UK,,,4.0,4.0,4.0
4620,3,5.0,2.0,4.0,13.0,,UK,Y,,1.0,UK,,,4.0,3.0,4.0
4621,3,6.0,1.0,5.0,16.0,,UK,N,,1.0,UK,,,4.0,4.0,4.0
4622,3,5.0,2.0,5.0,16.0,,UK,Y,,1.0,UK,,,1.0,1.0,1.0
4624,3,5.0,1.0,5.0,16.0,,UK,Y,,2.0,UK,,,3.0,3.0,1.0
4625,3,6.0,2.0,5.0,16.0,,UK,N,,1.0,UK,,,1.0,1.0,1.0
4626,3,5.0,4.0,4.0,13.0,,UK,Y,,1.0,UK,,,1.0,1.0,1.0
4627,3,5.0,,4.0,13.0,,UK,Y,,1.0,UK,,,1.0,1.0,1.0
4628,3,6.0,2.0,4.0,13.0,,UK,N,,1.0,UK,,,1.0,1.0,1.0
4629,3,5.0,,4.0,13.0,,UK,Y,,1.0,UK,,,1.0,1.0,1.0
4630,3,6.0,,4.0,13.0,,UK,N,,1.0,UK,,,1.0,1.0,1.0
4631,3,6.0,,4.0,13.0,,UK,N,,,UK,,,1.0,1.0,1.0
4632,3,6.0,,4.0,13.0,,UK,N,,1.0,UK,,,1.0,1.0,1.0
4633,3,5.0,1.0,5.0,16.0,,UK,Y,,1.0,UK,,,1.0,1.0,1.0
4634,3,5.0,2.0,4.0,13.0,,UK,Y,,1.0,UK,,,1.0,1.0,1.0
4635,3,6.0,,4.0,13.0,,UK,N,,2.0,UK,,,1.0,1.0,1.0
4636,3,6.0,,4.0,13.0,,UK,N,,2.0,UK,,,1.0,1.0,1.0
4637,3,6.0,1.0,5.0,16.0,,UK,N,,2.0,UK,,,1.0,1.0,1.0
4638,3,6.0,,1.0,6.0,,UK,N,,1.0,UK,,,1.0,1.0,1.0
4639,3,6.0,,4.0,13.0,,UK,N,,2.0,UK,,,1.0,1.0,1.0
4640,3,6.0,2.0,4.0,13.0,,UK,N,,1.0,UK,,,4.0,4.0,1.0
4641,3,5.0,1.0,4.0,13.0,,UK,Y,,1.0,UK,,,1.0,1.0,1.0
4642,3,5.0,,5.0,16.0,,UK,Y,,1.0,UK,,,1.0,1.0,1.0
4643,3,5.0,,4.0,13.0,,UK,Y,,1.0,UK,,,1.0,1.0,1.0
4644,3,6.0,1.0,5.0,16.0,,UK,N,,1.0,UK,,,1.0,1.0,1.0
4645,3,6.0,,5.0,16.0,,UK,N,,1.0,UK,,,1.0,1.0,1.0
4646,3,5.0,,6.0,18.0,,UK,Y,,1.0,UK,,,1.0,1.0,1.0
4647,3,5.0,,4.0,13.0,,UK,Y,,1.0,UK,,,1.0,1.0,1.0
4648,3,5.0,,4.0,13.0,,UK,Y,,4.0,UK,,,1.0,1.0,1.0
4649,3,6.0,,4.0,13.0,,UK,N,,1.0,UK,,,1.0,1.0,1.0
4650,3,6.0,,4.0,13.0,,UK,N,,2.0,UK,,,1.0,1.0,1.0
4651,3,6.0,,4.0,13.0,,UK,N,,1.0,UK,,,1.0,1.0,1.0
4652,3,5.0,4.0,4.0,13.0,,UK,Y,,1.0,UK,,,1.0,1.0,1.0
4653,3,6.0,2.0,4.0,13.0,,UK,N,,1.0,UK,,,1.0,1.0,1.0
4654,3,5.0,1.0,5.0,16.0,,UK,Y,,2.0,UK,,,1.0,1.0,1.0
4655,3,6.0,,4.0,13.0,,UK,N,,1.0,UK,,,1.0,1.0,1.0
4656,3,,,,,,UK,,,1.0,UK,,,1.0,1.0,1.0
4657,3,5.0,4.0,4.0,13.0,,UK,Y,,1.0,UK,,,1.0,1.0,1.0
4658,3,5.0,,4.0,13.0,,UK,Y,,1.0,UK,,,1.0,1.0,1.0
4659,3,5.0,1.0,5.0,16.0,,UK,Y,,1.0,UK,,,3.0,2.0,2.0
4660,3,6.0,,4.0,13.0,,UK,N,,2.0,UK,,,1.0,1.0,1.0
4662,3,5.0,,4.0,13.0,,UK,Y,,1.0,UK,,,1.0,1.0,1.0
4663,3,5.0,3.0,5.0,16.0,,UK,Y,,1.0,UK,,,1.0,1.0,1.0
4664,3,5.0,1.0,5.0,16.0,,UK,Y,,1.0,UK,,,1.0,1.0,1.0
4665,3,5.0,3.0,5.0,16.0,,UK,Y,,1.0,UK,,,1.0,1.0,1.0
4666,3,5.0,,4.0,13.0,,UK,Y,,1.0,UK,,,1.0,1.0,1.0
4667,3,5.0,2.0,4.0,13.0,,UK,Y,,1.0,UK,,,1.0,1.0,1.0
4668,3,5.0,2.0,6.0,18.0,,UK,Y,,1.0,UK,,,4.0,3.0,3.0
4669,3,6.0,,1.0,6.0,,UK,N,,1.0,UK,,,1.0,1.0,1.0
4670,3,5.0,,5.0,16.0,,UK,Y,,1.0,UK,,,1.0,1.0,1.0
4671,3,5.0,1.0,5.0,16.0,,UK,Y,,1.0,UK,,,1.0,1.0,1.0
4672,3,5.0,,4.0,13.0,,UK,Y,,1.0,UK,,,1.0,1.0,1.0
4673,3,5.0,,4.0,13.0,,UK,Y,,1.0,UK,,,1.0,1.0,1.0
4674,3,5.0,,,,,UK,Y,,2.0,UK,,,1.0,1.0,1.0
4675,3,5.0,,,,,UK,Y,,1.0,UK,,,1.0,1.0,1.0
4676,2,5.0,,,,6.0,UK,,,,,,,1.0,1.0,1.0
4677,2,5.0,,,,12.0,UK,,,,,,,1.0,1.0,1.0
4678,2,5.0,,,,12.0,UK,,,,,,,1.0,1.0,1.0
4679,2,5.0,,,,13.0,UK,,,,,,,4.0,3.0,4.0
4680,2,5.0,,,,13.0,UK,,,,,,,4.0,2.0,4.0
4681,2,5.0,,,,12.0,UK,,,,,,,4.0,1.0,4.0
4682,2,5.0,,,,8.0,UK,,,,,,,1.0,1.0,1.0
4683,2,,,,,,UK,,,,,,,1.0,1.0,1.0
4684,2,5.0,,,,11.0,UK,,,,,,,1.0,1.0,1.0
4685,2,5.0,,,,12.0,UK,,,,,,,1.0,1.0,1.0
4686,2,5.0,,,,12.0,UK,,,,,,,1.0,1.0,1.0
4687,2,1.0,,,,,UK,,,,,,,1.0,1.0,1.0
4688,2,5.0,,,,6.0,UK,,,,,,,1.0,1.0,1.0
4689,2,5.0,,,,10.0,UK,,,,,,,1.0,1.0,1.0
4690,2,4.0,,,,,UK,,,,,,,2.0,2.0,1.0
4691,2,5.0,,,,9.0,UK,,,,,,,1.0,1.0,1.0
4692,2,5.0,,,,10.0,UK,,,,,,,1.0,1.0,1.0
4694,2,5.0,,,,8.0,UK,,,,,,,1.0,1.0,1.0
4695,2,5.0,,,,9.0,UK,,,,,,,1.0,1.0,1.0
4696,2,5.0,,,,5.0,UK,,,,,,,2.0,1.0,2.0
4697,2,5.0,,,,5.0,UK,,,,,,,4.0,4.0,4.0
4698,2,5.0,,,,12.0,UK,,,,,,,1.0,1.0,1.0
4699,2,1.0,,,,,UK,,,,,,,4.0,1.0,4.0
4700,2,5.0,,,,11.0,UK,,,,,,,4.0,4.0,4.0
4701,2,5.0,,,,9.0,UK,,,,,,,1.0,1.0,1.0
4702,2,5.0,,,,11.0,UK,,,,,,,4.0,4.0,1.0
4703,2,5.0,,,,8.0,UK,,,,,,,1.0,1.0,1.0
4704,2,5.0,,,,7.0,UK,,,,,,,1.0,1.0,1.0
4705,2,5.0,,,,8.0,UK,,,,,,,1.0,1.0,1.0
4706,2,5.0,,,,8.0,UK,,,,,,,1.0,1.0,1.0
4707,2,5.0,,,,10.0,UK,,,,,,,1.0,1.0,1.0
4708,2,5.0,,,,7.0,UK,,,,,,,1.0,1.0,1.0
4709,2,5.0,,,,7.0,UK,,,,,,,1.0,1.0,1.0
4710,2,5.0,,,,12.0,UK,,,,,,,1.0,1.0,1.0
4711,2,5.0,,,,12.0,UK,,,,,,,1.0,1.0,1.0
4712,2,5.0,,,,5.0,UK,,,,,,,1.0,1.0,1.0
4713,2,5.0,,,,7.0,UK,,,,,,,1.0,1.0,1.0
4714,2,5.0,,,,9.0,UK,,,,,,,4.0,4.0,4.0
4715,2,5.0,,,,11.0,UK,,,,,,,1.0,1.0,1.0
4716,2,5.0,,,,7.0,UK,,,,,,,1.0,1.0,1.0
4717,2,5.0,,,,11.0,UK,,,,,,,4.0,4.0,4.0
4718,2,5.0,,,,10.0,UK,,,,,,,1.0,1.0,1.0
4719,2,5.0,,,,7.0,UK,,,,,,,1.0,1.0,1.0
4720,2,5.0,,,,8.0,UK,,,,,,,1.0,1.0,1.0
4721,2,5.0,,,,7.0,UK,,,,,,,1.0,1.0,1.0
4722,2,5.0,,,,6.0,UK,,,,,,,1.0,1.0,1.0
4723,2,5.0,,,,6.0,UK,,,,,,,4.0,1.0,4.0
4724,2,1.0,,,,,UK,,,,,,,1.0,1.0,1.0
4725,2,5.0,,,,13.0,UK,,,,,,,1.0,1.0,1.0
4726,2,5.0,,,,10.0,UK,,,,,,,4.0,4.0,4.0
4727,2,5.0,,,,11.0,UK,,,,,,,4.0,4.0,4.0
4728,2,5.0,,,,10.0,UK,,,,,,,4.0,4.0,4.0
4729,2,5.0,,,,13.0,UK,,,,,,,1.0,1.0,1.0
4730,2,1.0,,,,,UK,,,,,,,1.0,1.0,1.0
4731,2,5.0,,,,15.0,UK,,,,,,,1.0,1.0,1.0
4732,2,5.0,,,,6.0,UK,,,,,,,1.0,1.0,1.0
4733,2,5.0,,,,8.0,UK,,,,,,,1.0,1.0,1.0
4734,2,5.0,,,,9.0,UK,,,,,,,1.0,1.0,1.0
4735,2,5.0,,,,11.0,UK,,,,,,,4.0,1.0,4.0
4737,2,5.0,,,,15.0,UK,,,,,,,1.0,1.0,1.0
4738,2,5.0,,,,5.0,UK,,,,,,,1.0,1.0,1.0
4739,2,5.0,,,,12.0,UK,,,,,,,4.0,4.0,4.0
4740,2,5.0,,,,8.0,UK,,,,,,,4.0,4.0,4.0
4741,2,5.0,,,,7.0,UK,,,,,,,1.0,1.0,1.0
4742,2,5.0,,,,9.0,UK,,,,,,,1.0,1.0,1.0
4743,2,5.0,,,,11.0,UK,,,,,,,1.0,1.0,1.0
4744,2,5.0,,,,11.0,UK,,,,,,,1.0,1.0,1.0
4745,2,5.0,,,,8.0,UK,,,,,,,1.0,1.0,1.0
4746,2,5.0,,,,8.0,UK,,,,,,,4.0,2.0,4.0
4747,2,5.0,,,,11.0,UK,,,,,,,1.0,1.0,1.0
4748,2,5.0,,,,5.0,UK,,,,,,,1.0,1.0,1.0
4749,2,5.0,,,,6.0,UK,,,,,,,1.0,1.0,1.0
4750,2,5.0,,,,7.0,UK,,,,,,,1.0,1.0,1.0
4751,2,5.0,,,,9.0,UK,,,,,,,1.0,1.0,1.0
4752,2,5.0,,,,7.0,UK,,,,,,,1.0,1.0,1.0
4753,2,5.0,,,,7.0,UK,,,,,,,1.0,1.0,1.0
4754,2,5.0,,,,9.0,UK,,,,,,,1.0,1.0,1.0
4755,2,5.0,,,,8.0,UK,,,,,,,1.0,1.0,1.0
4756,2,5.0,,,,7.0,UK,,,,,,,1.0,1.0,1.0
4757,2,5.0,,,,12.0,UK,,,,,,,4.0,1.0,4.0
4758,2,5.0,,,,5.0,UK,,,,,,,4.0,1.0,4.0
4759,2,5.0,,,,12.0,UK,,,,,,,1.0,1.0,1.0
4760,2,5.0,,,,6.0,UK,,,,,,,1.0,1.0,1.0
4761,2,5.0,,,,13.0,UK,,,,,,,4.0,2.0,4.0
4762,2,5.0,,,,13.0,UK,,,,,,,2.0,2.0,2.0
4763,2,5.0,,,,10.0,UK,,,,,,,1.0,1.0,1.0
4764,2,6.0,,,,,UK,,,,,,,1.0,1.0,1.0
4765,2,5.0,,,,12.0,UK,,,,,,,1.0,1.0,1.0
4766,2,5.0,,,,6.0,UK,,,,,,,1.0,1.0,1.0
4767,2,4.0,,,,,UK,,,,,,,1.0,1.0,1.0
4768,2,1.0,,,,,UK,,,,,,,1.0,1.0,1.0
4769,2,5.0,,,,6.0,UK,,,,,,,4.0,2.0,4.0
4770,2,1.0,,,,,UK,,,,,,,3.0,2.0,2.0
4771,2,5.0,,,,5.0,UK,,,,,,,4.0,2.0,4.0
4772,2,5.0,,,,6.0,UK,,,,,,,3.0,2.0,3.0
4773,2,5.0,,,,13.0,UK,,,,,,,1.0,1.0,1.0
4774,2,5.0,,,,15.0,UK,,,,,,,1.0,1.0,1.0
4776,2,5.0,,,,15.0,UK,,,,,,,4.0,1.0,4.0
4777,2,5.0,,,,14.0,UK,,,,,,,1.0,1.0,1.0
4778,2,5.0,,,,11.0,UK,,,,,,,3.0,2.0,3.0
4779,2,5.0,,,,11.0,UK,,,,,,,1.0,1.0,1.0
4780,2,5.0,,,,7.0,UK,,,,,,,1.0,1.0,1.0
4781,2,5.0,,,,7.0,UK,,,,,,,1.0,1.0,1.0
4782,2,5.0,,,,8.0,UK,,,,,,,1.0,1.0,1.0
4783,2,5.0,,,,8.0,UK,,,,,,,1.0,1.0,1.0
4784,2,5.0,,,,9.0,UK,,,,,,,4.0,4.0,1.0
4785,2,5.0,,,,13.0,UK,,,,,,,1.0,1.0,1.0
4786,2,5.0,,,,12.0,UK,,,,,,,1.0,1.0,1.0
4787,2,5.0,,,,6.0,UK,,,,,,,1.0,1.0,1.0
4788,2,5.0,,,,14.0,UK,,,,,,,1.0,1.0,1.0
4789,2,5.0,,,,9.0,UK,,,,,,,1.0,1.0,1.0
4790,2,5.0,,,,9.0,UK,,,,,,,2.0,1.0,2.0
4791,2,5.0,,,,9.0,UK,,,,,,,4.0,2.0,4.0
4792,2,5.0,,,,9.0,UK,,,,,,,4.0,3.0,4.0
4793,2,5.0,,,,10.0,UK,,,,,,,3.0,3.0,1.0
4794,2,5.0,,,,12.0,UK,,,,,,,4.0,4.0,4.0
4795,2,5.0,,,,13.0,UK,,,,,,,1.0,1.0,1.0
4796,2,5.0,,,,13.0,UK,,,,,,,4.0,3.0,4.0
4797,2,5.0,,,,5.0,UK,,,,,,,1.0,1.0,1.0
4798,2,5.0,,,,13.0,UK,,,,,,,4.0,4.0,4.0
4799,2,5.0,,,,6.0,UK,,,,,,,4.0,4.0,4.0
4800,2,5.0,,,,15.0,UK,,,,,,,1.0,1.0,1.0
4801,2,5.0,,,,5.0,UK,,,,,,,1.0,1.0,1.0
4802,2,5.0,,,,9.0,UK,,,,,,,4.0,3.0,4.0
4803,2,5.0,,,,10.0,UK,,,,,,,1.0,1.0,1.0
4804,2,5.0,,,,7.0,UK,,,,,,,1.0,1.0,1.0
4805,2,5.0,,,,11.0,UK,,,,,,,1.0,1.0,1.0
4806,2,5.0,,,,9.0,UK,,,,,,,1.0,1.0,1.0
4807,2,5.0,,,,7.0,UK,,,,,,,1.0,1.0,1.0
4808,2,5.0,,,,7.0,UK,,,,,,,1.0,1.0,1.0
4809,2,5.0,,,,9.0,UK,,,,,,,1.0,1.0,1.0
4810,2,5.0,,,,14.0,UK,,,,,,,1.0,1.0,1.0
4811,2,1.0,,,,,UK,,,,,,,1.0,1.0,1.0
4812,2,5.0,,,,6.0,UK,,,,,,,4.0,4.0,4.0
4813,2,1.0,,,,,UK,,,,,,,1.0,1.0,1.0
4814,2,5.0,,,,13.0,UK,,,,,,,1.0,1.0,1.0
4815,2,5.0,,,,13.0,UK,,,,,,,1.0,1.0,1.0
4816,2,5.0,,,,11.0,UK,,,,,,,1.0,1.0,1.0
4817,2,5.0,,,,7.0,UK,,,,,,,1.0,1.0,1.0
4819,2,5.0,,,,6.0,UK,,,,,,,1.0,1.0,1.0
4820,2,5.0,,,,12.0,UK,,,,,,,4.0,1.0,4.0
4821,2,5.0,,,,13.0,UK,,,,,,,1.0,1.0,1.0
4822,2,5.0,,,,13.0,UK,,,,,,,1.0,1.0,1.0
4823,2,5.0,,,,13.0,UK,,,,,,,1.0,1.0,1.0
4824,2,5.0,,,,5.0,UK,,,,,,,1.0,1.0,1.0
4825,2,5.0,,,,8.0,UK,,,,,,,1.0,1.0,1.0
4826,2,5.0,,,,8.0,UK,,,,,,,4.0,2.0,4.0
4827,2,5.0,,,,8.0,UK,,,,,,,1.0,1.0,1.0
4828,2,5.0,,,,6.0,UK,,,,,,,1.0,1.0,1.0
4829,2,5.0,,,,13.0,UK,,,,,,,1.0,1.0,1.0
4830,2,5.0,,,,14.0,UK,,,,,,,1.0,1.0,1.0
4831,2,6.0,,,,,UK,,,,,,,1.0,1.0,1.0
4832,2,5.0,,,,15.0,UK,,,,,,,1.0,1.0,1.0
4833,2,5.0,,,,5.0,UK,,,,,,,1.0,1.0,1.0
4834,2,5.0,,,,5.0,UK,,,,,,,1.0,1.0,1.0
4835,2,5.0,,,,7.0,UK,,,,,,,4.0,1.0,4.0
4836,2,5.0,,,,7.0,UK,,,,,,,1.0,1.0,1.0
4837,2,5.0,,,,12.0,UK,,,,,,,1.0,1.0,1.0
4838,2,5.0,,,,12.0,UK,,,,,,,1.0,1.0,1.0
4839,2,5.0,,,,12.0,UK,,,,,,,1.0,1.0,1.0
4840,2,5.0,,,,7.0,UK,,,,,,,1.0,1.0,1.0
4841,2,5.0,,,,13.0,UK,,,,,,,1.0,1.0,1.0
4842,2,5.0,,,,6.0,UK,,,,,,,1.0,1.0,1.0
4843,2,5.0,,,,9.0,UK,,,,,,,1.0,1.0,1.0
4844,2,5.0,,,,8.0,UK,,,,,,,1.0,1.0,1.0
4845,2,5.0,,,,8.0,UK,,,,,,,1.0,1.0,1.0
4846,2,5.0,,,,14.0,UK,,,,,,,1.0,1.0,1.0
4847,2,5.0,,,,13.0,UK,,,,,,,1.0,1.0,1.0
4848,2,5.0,,,,6.0,UK,,,,,,,1.0,1.0,1.0
4849,2,5.0,,,,9.0,UK,,,,,,,1.0,1.0,1.0
4850,2,5.0,,,,10.0,UK,,,,,,,4.0,2.0,4.0
4851,2,5.0,,,,11.0,UK,,,,,,,1.0,1.0,1.0
4852,2,5.0,,,,11.0,UK,,,,,,,1.0,1.0,1.0
4853,2,5.0,,,,12.0,UK,,,,,,,1.0,1.0,1.0
4854,2,4.0,,,,,UK,,,,,,,1.0,1.0,1.0
4855,2,5.0,,,,6.0,UK,,,,,,,1.0,1.0,1.0
4856,2,5.0,,,,13.0,UK,,,,,,,1.0,1.0,1.0
4857,2,5.0,,,,13.0,UK,,,,,,,1.0,1.0,1.0
4858,2,1.0,,,,,UK,,,,,,,4.0,3.0,4.0
4859,2,5.0,,,,5.0,UK,,,,,,,1.0,1.0,1.0
4860,2,5.0,,,,13.0,UK,,,,,,,1.0,1.0,1.0
4861,2,5.0,,,,6.0,UK,,,,,,,1.0,1.0,1.0
4862,2,5.0,,,,9.0,UK,,,,,,,1.0,1.0,1.0
4863,2,5.0,,,,10.0,UK,,,,,,,4.0,4.0,4.0
4864,2,5.0,,,,9.0,UK,,,,,,,1.0,1.0,1.0
4865,2,5.0,,,,8.0,UK,,,,,,,1.0,1.0,1.0
4866,2,5.0,,,,9.0,UK,,,,,,,1.0,1.0,1.0
4867,2,5.0,,,,11.0,UK,,,,,,,1.0,1.0,1.0
4868,2,5.0,,,,12.0,UK,,,,,,,1.0,1.0,1.0
4869,2,5.0,,,,6.0,UK,,,,,,,1.0,1.0,1.0
4872,2,5.0,,,,13.0,UK,,,,,,,1.0,1.0,1.0
4873,2,5.0,,,,15.0,UK,,,,,,,1.0,1.0,1.0
4874,2,5.0,,,,6.0,UK,,,,,,,1.0,1.0,1.0
4875,2,4.0,,,,,UK,,,,,,,1.0,1.0,1.0
4876,2,5.0,,,,15.0,UK,,,,,,,1.0,1.0,1.0
4877,2,4.0,,,,,UK,,,,,,,1.0,1.0,1.0
4878,2,4.0,,,,,UK,,,,,,,1.0,1.0,1.0
4879,2,5.0,,,,12.0,UK,,,,,,,4.0,3.0,4.0
4880,2,1.0,,,,,UK,,,,,,,2.0,1.0,2.0
4881,2,5.0,,,,6.0,UK,,,,,,,4.0,4.0,4.0
4882,2,5.0,,,,10.0,UK,,,,,,,4.0,1.0,4.0
4883,2,5.0,,,,8.0,UK,,,,,,,4.0,1.0,4.0
4884,2,1.0,,,,,UK,,,,,,,4.0,1.0,4.0
4885,2,1.0,,,,,UK,,,,,,,4.0,1.0,4.0
4886,2,5.0,,,,5.0,UK,,,,,,,4.0,4.0,4.0
4887,2,1.0,,,,,UK,,,,,,,1.0,1.0,1.0
4888,2,1.0,,,,,UK,,,,,,,1.0,1.0,1.0
4889,2,5.0,,,,10.0,UK,,,,,,,4.0,2.0,4.0
4890,2,5.0,,,,14.0,UK,,,,,,,1.0,1.0,1.0
4891,2,5.0,,,,5.0,UK,,,,,,,1.0,1.0,1.0
4893,2,5.0,,,,13.0,UK,,,,,,,1.0,1.0,1.0
4894,2,5.0,,,,6.0,UK,,,,,,,1.0,1.0,1.0
4895,2,5.0,,,,8.0,UK,,,,,,,4.0,2.0,3.0
4896,1,3.0,,4.0,13.0,,UK,,,,,,,1.0,1.0,1.0
4897,1,1.0,4.0,4.0,13.0,,UK,,,,,,,1.0,1.0,1.0
4898,1,5.0,,4.0,13.0,,UK,,,,,,,3.0,2.0,2.0
4899,1,1.0,3.0,4.0,13.0,,UK,,,,,,,4.0,1.0,4.0
4900,1,1.0,3.0,4.0,13.0,,UK,,,,,,,3.0,3.0,1.0
4901,1,3.0,,4.0,13.0,,UK,,,,,,,4.0,1.0,4.0
4902,1,1.0,4.0,4.0,13.0,,UK,,,,,,,1.0,1.0,1.0
4903,1,1.0,1.0,5.0,16.0,,UK,,,,,,,1.0,1.0,1.0
4904,1,3.0,,4.0,13.0,,UK,,,,,,,1.0,1.0,1.0
4905,1,1.0,3.0,5.0,16.0,,UK,,,,,,,1.0,1.0,1.0
4906,1,1.0,3.0,4.0,13.0,,UK,,,,,,,1.0,1.0,1.0
4907,1,4.0,,4.0,13.0,,UK,,,,,,,1.0,1.0,1.0
4908,1,4.0,,4.0,13.0,,UK,,,,,,,1.0,1.0,1.0
4909,1,4.0,,4.0,13.0,,UK,,,,,,,1.0,1.0,1.0
4910,1,3.0,,4.0,13.0,,UK,,,,,,,1.0,1.0,1.0
4911,1,1.0,2.0,4.0,13.0,,UK,,,,,,,1.0,1.0,1.0
4912,1,1.0,4.0,4.0,13.0,,UK,,,,,,,4.0,1.0,4.0
4913,1,1.0,2.0,4.0,13.0,,UK,,,,,,,1.0,1.0,1.0
4914,1,1.0,2.0,4.0,13.0,,UK,,,,,,,1.0,1.0,1.0
4915,1,1.0,4.0,4.0,13.0,,UK,,,,,,,4.0,4.0,1.0
4916,1,,,4.0,13.0,,UK,,,,,,,1.0,1.0,1.0
4917,1,2.0,,4.0,13.0,,UK,,,,,,,1.0,1.0,1.0
4918,1,1.0,1.0,4.0,13.0,,UK,,,,,,,1.0,1.0,1.0
4919,1,4.0,,4.0,13.0,,UK,,,,,,,1.0,1.0,1.0
4920,1,1.0,1.0,4.0,13.0,,UK,,,,,,,1.0,1.0,1.0
4921,1,1.0,4.0,4.0,13.0,,UK,,,,,,,1.0,1.0,1.0
4922,1,1.0,2.0,4.0,13.0,,UK,,,,,,,1.0,1.0,1.0
4923,1,4.0,,4.0,13.0,,UK,,,,,,,1.0,1.0,1.0
4924,1,,,4.0,13.0,,UK,,,,,,,1.0,1.0,1.0
4925,1,6.0,,4.0,13.0,,UK,,,,,,,1.0,1.0,1.0
4926,1,1.0,4.0,4.0,13.0,,UK,,,,,,,1.0,1.0,1.0
4927,1,3.0,,4.0,13.0,,UK,,,,,,,1.0,1.0,1.0
4928,1,1.0,4.0,4.0,13.0,,UK,,,,,,,1.0,1.0,1.0
4929,1,1.0,2.0,4.0,13.0,,UK,,,,,,,1.0,1.0,1.0
4930,1,2.0,,4.0,13.0,,UK,,,,,,,1.0,1.0,1.0
4931,1,1.0,2.0,4.0,13.0,,UK,,,,,,,1.0,1.0,1.0
4932,1,1.0,4.0,4.0,13.0,,UK,,,,,,,1.0,1.0,1.0
4933,1,,,4.0,13.0,,UK,,,,,,,1.0,1.0,1.0
4934,1,1.0,1.0,5.0,16.0,,UK,,,,,,,1.0,1.0,1.0
4935,1,4.0,,4.0,13.0,,UK,,,,,,,1.0,1.0,1.0
4936,1,3.0,,4.0,13.0,,UK,,,,,,,1.0,1.0,1.0
4937,1,1.0,4.0,4.0,13.0,,UK,,,,,,,1.0,1.0,1.0
4938,1,,,4.0,13.0,,UK,,,,,,,1.0,1.0,1.0
4939,1,1.0,1.0,5.0,16.0,,UK,,,,,,,1.0,1.0,1.0
4940,1,5.0,,4.0,13.0,,UK,,,,,,,1.0,1.0,1.0
4941,1,4.0,,4.0,13.0,,UK,,,,,,,1.0,1.0,1.0
4942,1,1.0,2.0,4.0,13.0,,UK,,,,,,,1.0,1.0,1.0
4943,1,2.0,,,,,UK,,,,,,,1.0,1.0,1.0
4944,1,,,4.0,13.0,,UK,,,,,,,1.0,1.0,1.0
4945,1,3.0,,4.0,13.0,,UK,,,,,,,1.0,1.0,1.0
4946,1,1.0,2.0,4.0,13.0,,UK,,,,,,,4.0,1.0,4.0
4947,1,,,1.0,6.0,,UK,,,,,,,1.0,1.0,1.0
4948,1,4.0,,4.0,13.0,,UK,,,,,,,1.0,1.0,1.0
4949,1,1.0,2.0,4.0,13.0,,UK,,,,,,,1.0,1.0,1.0
4950,1,1.0,1.0,5.0,16.0,,UK,,,,,,,1.0,1.0,1.0
4951,1,1.0,2.0,4.0,13.0,,UK,,,,,,,1.0,1.0,1.0
4952,1,1.0,1.0,4.0,13.0,,UK,,,,,,,1.0,1.0,1.0
4953,1,2.0,,4.0,13.0,,UK,,,,,,,3.0,2.0,3.0
4954,1,2.0,,4.0,13.0,,UK,,,,,,,4.0,4.0,4.0
4955,1,2.0,,4.0,13.0,,UK,,,,,,,1.0,1.0,1.0
4956,1,1.0,4.0,4.0,13.0,,UK,,,,,,,4.0,1.0,4.0
4957,1,1.0,3.0,4.0,13.0,,UK,,,,,,,1.0,1.0,1.0
4958,1,3.0,,4.0,13.0,,UK,,,,,,,1.0,1.0,1.0
4960,1,3.0,,1.0,6.0,,UK,,,,,,,1.0,1.0,1.0
4961,1,6.0,,4.0,13.0,,UK,,,,,,,1.0,1.0,1.0
4962,1,,,4.0,13.0,,UK,,,,,,,1.0,1.0,1.0
4963,1,1.0,2.0,4.0,13.0,,UK,,,,,,,4.0,4.0,4.0
4964,1,5.0,,4.0,13.0,,UK,,,,,,,1.0,1.0,1.0
4965,1,5.0,,4.0,13.0,,UK,,,,,,,1.0,1.0,1.0
4966,1,4.0,,4.0,13.0,,UK,,,,,,,1.0,1.0,1.0
4967,1,3.0,,5.0,16.0,,UK,,,,,,,1.0,1.0,1.0
4968,1,3.0,,4.0,13.0,,UK,,,,,,,1.0,1.0,1.0
4969,1,1.0,2.0,4.0,13.0,,UK,,,,,,,1.0,1.0,1.0
4970,1,1.0,4.0,4.0,13.0,,UK,,,,,,,4.0,1.0,4.0
4971,1,1.0,4.0,4.0,13.0,,UK,,,,,,,1.0,1.0,1.0
4972,1,1.0,1.0,5.0,16.0,,UK,,,,,,,1.0,1.0,1.0
4973,1,1.0,1.0,5.0,16.0,,UK,,,,,,,1.0,1.0,1.0
4974,1,2.0,,6.0,18.0,,UK,,,,,,,1.0,1.0,1.0
4975,1,1.0,4.0,4.0,13.0,,UK,,,,,,,4.0,1.0,4.0
4976,1,1.0,2.0,4.0,13.0,,UK,,,,,,,1.0,1.0,1.0
4977,1,1.0,4.0,4.0,13.0,,UK,,,,,,,1.0,1.0,1.0
4978,1,1.0,3.0,4.0,13.0,,UK,,,,,,,1.0,1.0,1.0
4979,1,1.0,1.0,6.0,18.0,,UK,,,,,,,1.0,1.0,1.0
4980,1,1.0,1.0,5.0,16.0,,UK,,,,,,,1.0,1.0,1.0
4981,1,4.0,,4.0,13.0,,UK,,,,,,,1.0,1.0,1.0
4982,1,3.0,,4.0,13.0,,UK,,,,,,,1.0,1.0,1.0
4983,1,3.0,,6.0,18.0,,UK,,,,,,,1.0,1.0,1.0
4984,1,1.0,1.0,6.0,18.0,,UK,,,,,,,1.0,1.0,1.0
4985,1,1.0,1.0,5.0,16.0,,UK,,,,,,,1.0,1.0,1.0
4986,1,3.0,,,,,UK,,,,,,,4.0,4.0,1.0
4987,1,1.0,1.0,6.0,18.0,,UK,,,,,,,4.0,3.0,4.0
4988,1,4.0,,4.0,13.0,,UK,,,,,,,1.0,1.0,1.0
4989,1,,,5.0,16.0,,UK,,,,,,,1.0,1.0,1.0
4990,1,1.0,4.0,4.0,13.0,,UK,,,,,,,1.0,1.0,1.0
4991,1,1.0,3.0,4.0,13.0,,UK,,,,,,,1.0,1.0,1.0
4992,1,1.0,4.0,,,,UK,,,,,,,1.0,1.0,1.0
4993,1,1.0,2.0,4.0,13.0,,UK,,,,,,,1.0,1.0,1.0
4994,1,1.0,3.0,4.0,13.0,,UK,,,,,,,1.0,1.0,1.0
4995,1,1.0,1.0,5.0,16.0,,UK,,,,,,,1.0,1.0,1.0
4996,1,1.0,1.0,5.0,16.0,,UK,,,,,,,1.0,1.0,1.0
4997,1,1.0,1.0,5.0,16.0,,UK,,,,,,,1.0,1.0,1.0
4998,1,6.0,,5.0,16.0,,UK,,,,,,,1.0,1.0,1.0
4999,1,3.0,,5.0,16.0,,UK,,,,,,,1.0,1.0,1.0
5000,1,1.0,2.0,5.0,16.0,,UK,,,,,,,1.0,1.0,1.0
5001,1,1.0,2.0,4.0,13.0,,UK,,,,,,,1.0,1.0,1.0
5002,1,1.0,3.0,4.0,13.0,,UK,,,,,,,1.0,1.0,1.0
5003,1,1.0,3.0,4.0,13.0,,UK,,,,,,,1.0,1.0,1.0
5004,1,1.0,3.0,4.0,13.0,,UK,,,,,,,1.0,1.0,1.0
5005,1,1.0,2.0,4.0,13.0,,UK,,,,,,,1.0,1.0,1.0
5006,1,1.0,2.0,4.0,13.0,,UK,,,,,,,1.0,1.0,1.0
5007,1,1.0,3.0,4.0,13.0,,UK,,,,,,,4.0,4.0,4.0
5008,1,1.0,1.0,4.0,13.0,,UK,,,,,,,1.0,1.0,1.0
5009,1,1.0,4.0,4.0,13.0,,UK,,,,,,,1.0,1.0,1.0
5010,1,3.0,,5.0,16.0,,UK,,,,,,,1.0,1.0,1.0
5011,1,3.0,,5.0,16.0,,UK,,,,,,,1.0,1.0,1.0
5012,1,1.0,4.0,4.0,13.0,,UK,,,,,,,1.0,1.0,1.0
5013,1,3.0,,5.0,16.0,,UK,,,,,,,1.0,1.0,1.0
5014,1,1.0,4.0,4.0,13.0,,UK,,,,,,,1.0,1.0,1.0
5015,1,1.0,4.0,4.0,13.0,,UK,,,,,,,1.0,1.0,1.0
5016,1,,,4.0,13.0,,UK,,,,,,,1.0,1.0,1.0
5017,1,1.0,2.0,4.0,13.0,,UK,,,,,,,1.0,1.0,1.0
5018,1,4.0,,4.0,13.0,,UK,,,,,,,1.0,1.0,1.0
5019,1,1.0,2.0,4.0,13.0,,UK,,,,,,,1.0,1.0,1.0
5020,1,1.0,2.0,4.0,13.0,,UK,,,,,,,4.0,1.0,4.0
5021,1,3.0,,4.0,13.0,,UK,,,,,,,1.0,1.0,1.0
5022,1,,,4.0,13.0,,UK,,,,,,,2.0,1.0,2.0
5023,1,1.0,3.0,4.0,13.0,,UK,,,,,,,1.0,1.0,1.0
5024,1,1.0,2.0,4.0,13.0,,UK,,,,,,,1.0,1.0,1.0
5025,1,5.0,,4.0,13.0,,UK,,,,,,,1.0,1.0,1.0
5026,1,,,4.0,13.0,,UK,,,,,,,1.0,1.0,1.0
5027,1,4.0,,4.0,13.0,,UK,,,,,,,1.0,1.0,1.0
5028,1,,,4.0,13.0,,UK,,,,,,,1.0,1.0,1.0
5029,1,,,5.0,16.0,,UK,,,,,,,1.0,1.0,1.0
5030,1,2.0,,5.0,16.0,,UK,,,,,,,1.0,1.0,1.0
5031,1,2.0,,5.0,16.0,,UK,,,,,,,1.0,1.0,1.0
5032,1,1.0,2.0,4.0,13.0,,UK,,,,,,,1.0,1.0,1.0
5033,1,1.0,4.0,4.0,13.0,,UK,,,,,,,1.0,1.0,1.0
5034,1,1.0,2.0,4.0,13.0,,UK,,,,,,,1.0,1.0,1.0
5035,1,1.0,3.0,4.0,13.0,,UK,,,,,,,1.0,1.0,1.0
5037,1,1.0,2.0,4.0,13.0,,UK,,,,,,,4.0,4.0,4.0
5038,1,1.0,2.0,4.0,13.0,,UK,,,,,,,4.0,4.0,2.0
5039,1,1.0,4.0,4.0,13.0,,UK,,,,,,,4.0,4.0,4.0
5040,1,3.0,,4.0,13.0,,UK,,,,,,,4.0,1.0,4.0
5041,1,,,4.0,13.0,,UK,,,,,,,1.0,1.0,1.0
5042,1,3.0,,4.0,13.0,,UK,,,,,,,1.0,1.0,1.0
5043,1,5.0,,4.0,13.0,,UK,,,,,,,4.0,4.0,4.0
5044,1,1.0,1.0,4.0,13.0,,UK,,,,,,,4.0,1.0,4.0
5045,1,5.0,,4.0,13.0,,UK,,,,,,,1.0,1.0,1.0
5046,1,1.0,3.0,4.0,13.0,,UK,,,,,,,1.0,1.0,1.0
5047,1,1.0,3.0,4.0,13.0,,UK,,,,,,,1.0,1.0,1.0
5048,1,1.0,2.0,4.0,13.0,,UK,,,,,,,4.0,4.0,4.0
5049,1,2.0,,4.0,13.0,,UK,,,,,,,4.0,4.0,4.0
5050,1,1.0,4.0,4.0,13.0,,UK,,,,,,,1.0,1.0,1.0
5051,1,3.0,,4.0,13.0,,UK,,,,,,,1.0,1.0,1.0
5052,1,1.0,1.0,5.0,16.0,,UK,,,,,,,4.0,1.0,4.0
5053,1,1.0,2.0,5.0,16.0,,UK,,,,,,,1.0,1.0,1.0
5054,1,1.0,3.0,4.0,13.0,,UK,,,,,,,1.0,1.0,1.0
5055,1,1.0,2.0,5.0,16.0,,UK,,,,,,,1.0,1.0,1.0
5056,1,1.0,2.0,4.0,13.0,,UK,,,,,,,1.0,1.0,1.0
5057,1,1.0,4.0,4.0,13.0,,UK,,,,,,,1.0,1.0,1.0
5058,1,1.0,2.0,4.0,13.0,,UK,,,,,,,1.0,1.0,1.0
5059,1,1.0,4.0,4.0,13.0,,UK,,,,,,,1.0,1.0,1.0
5060,1,1.0,1.0,4.0,13.0,,UK,,,,,,,1.0,1.0,1.0
5061,1,1.0,1.0,4.0,13.0,,UK,,,,,,,1.0,1.0,1.0
5062,1,1.0,3.0,4.0,13.0,,UK,,,,,,,1.0,1.0,1.0
5063,1,1.0,1.0,4.0,13.0,,UK,,,,,,,1.0,1.0,1.0
5064,1,3.0,,4.0,13.0,,UK,,,,,,,1.0,1.0,1.0
5065,1,5.0,,4.0,13.0,,UK,,,,,,,4.0,3.0,4.0
5066,1,5.0,,4.0,13.0,,UK,,,,,,,1.0,1.0,1.0
5068,1,3.0,,4.0,13.0,,UK,,,,,,,1.0,1.0,1.0
5069,1,1.0,3.0,5.0,16.0,,UK,,,,,,,4.0,4.0,4.0
5070,1,1.0,2.0,4.0,13.0,,UK,,,,,,,4.0,4.0,4.0
5071,1,1.0,2.0,4.0,13.0,,UK,,,,,,,4.0,4.0,4.0
5072,1,1.0,4.0,4.0,13.0,,UK,,,,,,,4.0,1.0,4.0
5073,1,1.0,3.0,4.0,13.0,,UK,,,,,,,1.0,1.0,1.0
5074,1,4.0,,4.0,13.0,,UK,,,,,,,1.0,1.0,1.0
5075,1,1.0,1.0,5.0,16.0,,UK,,,,,,,1.0,1.0,1.0
5076,1,1.0,2.0,5.0,16.0,,UK,,,,,,,1.0,1.0,1.0
5077,1,1.0,3.0,4.0,13.0,,UK,,,,,,,1.0,1.0,1.0
5078,1,3.0,,4.0,13.0,,UK,,,,,,,1.0,1.0,1.0
5079,1,1.0,4.0,4.0,13.0,,UK,,,,,,,1.0,1.0,1.0
5080,1,1.0,3.0,4.0,13.0,,UK,,,,,,,1.0,1.0,1.0
5081,1,1.0,4.0,4.0,13.0,,UK,,,,,,,1.0,1.0,1.0
5082,1,1.0,4.0,4.0,13.0,,UK,,,,,,,1.0,1.0,1.0
5083,1,1.0,2.0,4.0,13.0,,UK,,,,,,,1.0,1.0,1.0
5084,1,1.0,3.0,4.0,13.0,,UK,,,,,,,1.0,1.0,1.0
5085,1,1.0,4.0,4.0,13.0,,UK,,,,,,,1.0,1.0,1.0
5086,1,1.0,4.0,4.0,13.0,,UK,,,,,,,1.0,1.0,1.0
5087,1,1.0,2.0,4.0,13.0,,UK,,,,,,,1.0,1.0,1.0
5088,1,1.0,4.0,4.0,13.0,,UK,,,,,,,1.0,1.0,1.0
5089,1,1.0,4.0,4.0,13.0,,UK,,,,,,,1.0,1.0,1.0
5090,1,3.0,,4.0,13.0,,UK,,,,,,,1.0,1.0,1.0
5092,1,1.0,2.0,4.0,13.0,,UK,,,,,,,1.0,1.0,1.0
5095,1,,,4.0,13.0,,UK,,,,,,,1.0,1.0,1.0
5096,1,,,4.0,13.0,,UK,,,,,,,1.0,1.0,1.0
5097,1,1.0,1.0,4.0,13.0,,UK,,,,,,,1.0,1.0,1.0
5098,1,,,4.0,13.0,,UK,,,,,,,1.0,1.0,1.0
5099,1,1.0,2.0,4.0,13.0,,UK,,,,,,,1.0,1.0,1.0
5100,1,1.0,3.0,5.0,16.0,,UK,,,,,,,4.0,4.0,4.0
5101,1,4.0,,4.0,13.0,,UK,,,,,,,1.0,1.0,1.0
5102,1,1.0,4.0,4.0,13.0,,UK,,,,,,,1.0,1.0,1.0
5103,1,,,4.0,13.0,,UK,,,,,,,1.0,1.0,1.0
5104,1,3.0,,4.0,13.0,,UK,,,,,,,1.0,1.0,1.0
5105,1,3.0,,4.0,13.0,,UK,,,,,,,1.0,1.0,1.0
5106,1,1.0,3.0,4.0,13.0,,UK,,,,,,,1.0,1.0,1.0
5108,1,4.0,,4.0,13.0,,UK,,,,,,,1.0,1.0,1.0
5109,1,2.0,,4.0,13.0,,UK,,,,,,,1.0,1.0,1.0
5110,1,6.0,,4.0,13.0,,UK,,,,,,,1.0,1.0,1.0
5111,1,1.0,4.0,1.0,6.0,,UK,,,,,,,4.0,2.0,4.0
5112,1,1.0,4.0,4.0,13.0,,UK,,,,,,,1.0,1.0,1.0
5113,1,1.0,1.0,4.0,13.0,,UK,,,,,,,1.0,1.0,1.0
5114,1,4.0,,,,,UK,,,,,,,1.0,1.0,1.0
5115,1,1.0,1.0,5.0,16.0,,UK,,,,,,,1.0,1.0,1.0
5116,1,1.0,3.0,4.0,13.0,,UK,,,,,,,4.0,1.0,4.0
5117,1,,,4.0,13.0,,UK,,,,,,,1.0,1.0,1.0
5118,1,,,4.0,13.0,,UK,,,,,,,1.0,1.0,1.0
5119,1,4.0,,4.0,13.0,,UK,,,,,,,1.0,1.0,1.0
5120,1,4.0,,4.0,13.0,,UK,,,,,,,1.0,1.0,1.0
5121,1,,,4.0,13.0,,UK,,,,,,,4.0,1.0,4.0
5122,1,1.0,2.0,4.0,13.0,,UK,,,,,,,1.0,1.0,1.0
5123,1,2.0,,5.0,16.0,,UK,,,,,,,1.0,1.0,1.0
5124,1,1.0,2.0,4.0,13.0,,UK,,,,,,,1.0,1.0,1.0
5126,1,4.0,,4.0,13.0,,UK,,,,,,,1.0,1.0,1.0
5127,1,,,4.0,13.0,,UK,,,,,,,1.0,1.0,1.0
5128,1,1.0,1.0,,,,UK,,,,,,,1.0,1.0,1.0
5129,1,4.0,,4.0,13.0,,UK,,,,,,,1.0,1.0,1.0
5130,1,,,4.0,13.0,,UK,,,,,,,3.0,1.0,3.0
5131,1,,,4.0,13.0,,UK,,,,,,,1.0,1.0,1.0
5132,1,,,4.0,13.0,,UK,,,,,,,1.0,1.0,1.0
5133,1,,,4.0,13.0,,UK,,,,,,,1.0,1.0,1.0
5134,1,1.0,4.0,5.0,16.0,,UK,,,,,,,1.0,1.0,1.0
5135,1,,,4.0,13.0,,UK,,,,,,,1.0,1.0,1.0
5136,1,,,4.0,13.0,,UK,,,,,,,1.0,1.0,1.0
5137,1,2.0,,4.0,13.0,,UK,,,,,,,1.0,1.0,1.0
5138,1,1.0,2.0,4.0,13.0,,UK,,,,,,,1.0,1.0,1.0
5139,1,3.0,,4.0,13.0,,UK,,,,,,,1.0,1.0,1.0
5140,1,5.0,,4.0,13.0,,UK,,,,,,,1.0,1.0,1.0
5141,1,1.0,4.0,4.0,13.0,,UK,,,,,,,1.0,1.0,1.0
5143,1,5.0,,4.0,13.0,,UK,,,,,,,1.0,1.0,1.0
5144,1,1.0,4.0,4.0,13.0,,UK,,,,,,,1.0,1.0,1.0
5145,1,5.0,,4.0,13.0,,UK,,,,,,,1.0,1.0,1.0
5146,1,1.0,4.0,4.0,13.0,,UK,,,,,,,1.0,1.0,1.0
5147,1,1.0,1.0,4.0,13.0,,UK,,,,,,,1.0,1.0,1.0
5148,1,3.0,,5.0,16.0,,UK,,,,,,,1.0,1.0,1.0
5149,1,1.0,3.0,4.0,13.0,,UK,,,,,,,1.0,1.0,1.0
5150,1,4.0,,4.0,13.0,,UK,,,,,,,1.0,1.0,1.0
5151,1,1.0,3.0,4.0,13.0,,UK,,,,,,,1.0,1.0,1.0
5152,1,3.0,,4.0,13.0,,UK,,,,,,,1.0,1.0,1.0
5153,1,4.0,,4.0,13.0,,UK,,,,,,,1.0,1.0,1.0
5154,1,4.0,,4.0,13.0,,UK,,,,,,,1.0,1.0,1.0
5155,1,1.0,2.0,6.0,18.0,,UK,,,,,,,4.0,1.0,4.0
5156,1,3.0,,,,,UK,,,,,,,1.0,1.0,1.0
5157,1,1.0,1.0,5.0,16.0,,UK,,,,,,,4.0,3.0,4.0
5158,1,,,4.0,13.0,,UK,,,,,,,4.0,1.0,4.0
5159,1,3.0,,4.0,13.0,,UK,,,,,,,1.0,1.0,1.0
5160,1,1.0,1.0,,,,UK,,,,,,,1.0,1.0,1.0
5161,1,1.0,4.0,4.0,13.0,,UK,,,,,,,1.0,1.0,1.0
5162,1,1.0,3.0,4.0,13.0,,UK,,,,,,,4.0,1.0,4.0
5163,1,4.0,,4.0,13.0,,UK,,,,,,,1.0,1.0,1.0
5164,1,4.0,,4.0,13.0,,UK,,,,,,,1.0,1.0,1.0
5166,1,1.0,2.0,4.0,13.0,,UK,,,,,,,1.0,1.0,1.0
5167,1,,,4.0,13.0,,UK,,,,,,,4.0,4.0,4.0
5168,1,1.0,2.0,4.0,13.0,,UK,,,,,,,4.0,4.0,3.0
5169,1,4.0,,4.0,13.0,,UK,,,,,,,1.0,1.0,1.0
5170,1,1.0,4.0,4.0,13.0,,UK,,,,,,,1.0,1.0,1.0
5171,1,4.0,,4.0,13.0,,UK,,,,,,,1.0,1.0,1.0
5172,1,3.0,,4.0,13.0,,UK,,,,,,,1.0,1.0,1.0
5173,1,1.0,2.0,4.0,13.0,,UK,,,,,,,1.0,1.0,1.0
5174,1,1.0,3.0,4.0,13.0,,UK,,,,,,,4.0,1.0,4.0
5175,1,4.0,,4.0,13.0,,UK,,,,,,,1.0,1.0,1.0
5176,1,1.0,2.0,5.0,16.0,,UK,,,,,,,1.0,1.0,1.0
5177,1,5.0,,4.0,13.0,,UK,,,,,,,1.0,1.0,1.0
5178,1,1.0,2.0,5.0,16.0,,UK,,,,,,,1.0,1.0,1.0
5179,1,1.0,1.0,4.0,13.0,,UK,,,,,,,1.0,1.0,1.0
5180,1,3.0,,4.0,13.0,,UK,,,,,,,1.0,1.0,1.0
5181,1,1.0,2.0,4.0,13.0,,UK,,,,,,,4.0,2.0,4.0
5182,1,1.0,4.0,4.0,13.0,,UK,,,,,,,3.0,2.0,2.0
5183,1,1.0,4.0,4.0,13.0,,UK,,,,,,,1.0,1.0,1.0
5184,1,,,4.0,13.0,,UK,,,,,,,3.0,2.0,3.0
5185,1,,,,,,UK,,,,,,,3.0,2.0,3.0
5186,1,4.0,,,,,UK,,,,,,,1.0,1.0,1.0
5187,1,3.0,,4.0,13.0,,UK,,,,,,,1.0,1.0,1.0
5188,1,5.0,,4.0,13.0,,UK,,,,,,,1.0,1.0,1.0
5189,1,1.0,2.0,4.0,13.0,,UK,,,,,,,3.0,2.0,2.0
5190,1,1.0,2.0,4.0,13.0,,UK,,,,,,,3.0,2.0,3.0
5191,1,1.0,2.0,4.0,13.0,,UK,,,,,,,1.0,1.0,1.0
5192,1,3.0,,4.0,13.0,,UK,,,,,,,1.0,1.0,1.0
5193,1,1.0,2.0,5.0,16.0,,UK,,,,,,,1.0,1.0,1.0
5194,1,4.0,,4.0,13.0,,UK,,,,,,,1.0,1.0,1.0
5195,1,3.0,,4.0,13.0,,UK,,,,,,,1.0,1.0,1.0
5197,1,1.0,4.0,4.0,13.0,,UK,,,,,,,1.0,1.0,1.0
5198,1,1.0,2.0,4.0,13.0,,UK,,,,,,,1.0,1.0,1.0
5199,1,5.0,,4.0,13.0,,UK,,,,,,,1.0,1.0,1.0
5200,1,1.0,1.0,5.0,16.0,,UK,,,,,,,4.0,1.0,4.0
5201,1,,,6.0,18.0,,UK,,,,,,,1.0,1.0,1.0
5202,1,3.0,,4.0,13.0,,UK,,,,,,,1.0,1.0,1.0
5203,1,1.0,3.0,4.0,13.0,,UK,,,,,,,1.0,1.0,1.0
5204,1,1.0,3.0,4.0,13.0,,UK,,,,,,,1.0,1.0,1.0
5205,1,3.0,,4.0,13.0,,UK,,,,,,,1.0,1.0,1.0
5207,1,1.0,2.0,5.0,16.0,,UK,,,,,,,1.0,1.0,1.0
5208,1,3.0,,4.0,13.0,,UK,,,,,,,4.0,3.0,3.0
5209,1,,,4.0,13.0,,UK,,,,,,,1.0,1.0,1.0
5210,1,,,4.0,13.0,,UK,,,,,,,1.0,1.0,1.0
5211,1,3.0,,4.0,13.0,,UK,,,,,,,1.0,1.0,1.0
5212,1,,,4.0,13.0,,UK,,,,,,,1.0,1.0,1.0
5213,1,3.0,,4.0,13.0,,UK,,,,,,,3.0,3.0,2.0
5214,1,1.0,4.0,4.0,13.0,,UK,,,,,,,1.0,1.0,1.0
5215,1,4.0,,4.0,13.0,,UK,,,,,,,1.0,1.0,1.0
5216,1,,,4.0,13.0,,UK,,,,,,,1.0,1.0,1.0
5217,1,1.0,3.0,4.0,13.0,,UK,,,,,,,1.0,1.0,1.0
5218,1,1.0,3.0,4.0,13.0,,UK,,,,,,,1.0,1.0,1.0
5219,1,1.0,3.0,4.0,13.0,,UK,,,,,,,1.0,1.0,1.0
5220,1,1.0,4.0,4.0,13.0,,UK,,,,,,,1.0,1.0,1.0
5221,1,,,5.0,16.0,,UK,,,,,,,1.0,1.0,1.0
5222,1,4.0,,4.0,13.0,,UK,,,,,,,1.0,1.0,1.0
5223,1,1.0,4.0,4.0,13.0,,UK,,,,,,,1.0,1.0,1.0
5224,1,,,4.0,13.0,,UK,,,,,,,1.0,1.0,1.0
5225,1,1.0,4.0,4.0,13.0,,UK,,,,,,,1.0,1.0,1.0
5226,1,2.0,,4.0,13.0,,UK,,,,,,,4.0,1.0,4.0
5227,1,1.0,1.0,4.0,13.0,,UK,,,,,,,1.0,1.0,1.0
5228,1,1.0,3.0,4.0,13.0,,UK,,,,,,,3.0,1.0,3.0
5229,1,1.0,4.0,4.0,13.0,,UK,,,,,,,4.0,1.0,4.0
5230,1,4.0,,,,,UK,,,,,,,1.0,1.0,1.0
5231,1,,,4.0,13.0,,UK,,,,,,,1.0,1.0,1.0
5232,1,3.0,,4.0,13.0,,UK,,,,,,,1.0,1.0,1.0
5233,1,1.0,3.0,4.0,13.0,,UK,,,,,,,1.0,1.0,1.0
5234,1,1.0,3.0,4.0,13.0,,UK,,,,,,,1.0,1.0,1.0
5235,1,1.0,2.0,,,,UK,,,,,,,1.0,1.0,1.0
5236,1,1.0,4.0,4.0,13.0,,UK,,,,,,,1.0,1.0,1.0
5237,1,1.0,2.0,4.0,13.0,,UK,,,,,,,1.0,1.0,1.0
5238,1,4.0,,4.0,13.0,,UK,,,,,,,1.0,1.0,1.0
5239,1,1.0,2.0,4.0,13.0,,UK,,,,,,,1.0,1.0,1.0
5240,1,1.0,3.0,4.0,13.0,,UK,,,,,,,4.0,1.0,4.0
5241,1,3.0,,4.0,13.0,,UK,,,,,,,1.0,1.0,1.0
5242,1,,,4.0,13.0,,UK,,,,,,,1.0,1.0,1.0
5243,1,1.0,4.0,4.0,13.0,,UK,,,,,,,3.0,3.0,2.0
5244,1,1.0,4.0,4.0,13.0,,UK,,,,,,,1.0,1.0,1.0
5245,1,4.0,,4.0,13.0,,UK,,,,,,,4.0,4.0,4.0
5246,1,1.0,4.0,4.0,13.0,,UK,,,,,,,1.0,1.0,1.0
5247,1,1.0,4.0,4.0,13.0,,UK,,,,,,,4.0,4.0,4.0
5248,1,,,,,,UK,,,,,,,1.0,1.0,1.0
5249,1,1.0,4.0,4.0,13.0,,UK,,,,,,,1.0,1.0,1.0
5250,1,5.0,,4.0,13.0,,UK,,,,,,,4.0,4.0,3.0
5251,1,5.0,,4.0,13.0,,UK,,,,,,,1.0,1.0,1.0
5252,1,1.0,4.0,4.0,13.0,,UK,,,,,,,4.0,4.0,1.0
5253,1,3.0,,5.0,16.0,,UK,,,,,,,1.0,1.0,1.0
5254,1,4.0,,4.0,13.0,,UK,,,,,,,1.0,1.0,1.0
5255,1,1.0,3.0,4.0,13.0,,UK,,,,,,,1.0,1.0,1.0
5256,1,5.0,,4.0,13.0,,UK,,,,,,,4.0,2.0,4.0
5257,1,1.0,3.0,4.0,13.0,,UK,,,,,,,1.0,1.0,1.0
5258,1,1.0,3.0,,,,UK,,,,,,,1.0,1.0,1.0
5259,1,1.0,4.0,4.0,13.0,,UK,,,,,,,4.0,4.0,4.0
5260,1,1.0,1.0,4.0,13.0,,UK,,,,,,,1.0,1.0,1.0
5261,1,,,6.0,18.0,,UK,,,,,,,4.0,3.0,4.0
5262,1,1.0,1.0,6.0,18.0,,UK,,,,,,,1.0,1.0,1.0
5263,1,5.0,,4.0,13.0,,UK,,,,,,,4.0,2.0,4.0
5264,1,1.0,2.0,4.0,13.0,,UK,,,,,,,3.0,2.0,2.0
5265,1,3.0,,4.0,13.0,,UK,,,,,,,1.0,1.0,1.0
5266,1,1.0,2.0,4.0,13.0,,UK,,,,,,,4.0,2.0,4.0
5267,1,,,4.0,13.0,,UK,,,,,,,1.0,1.0,1.0
5268,1,1.0,3.0,4.0,13.0,,UK,,,,,,,1.0,1.0,1.0
5269,1,3.0,,4.0,13.0,,UK,,,,,,,1.0,1.0,1.0
5270,1,1.0,2.0,5.0,16.0,,UK,,,,,,,4.0,1.0,4.0
5271,1,3.0,,4.0,13.0,,UK,,,,,,,1.0,1.0,1.0
5272,1,1.0,3.0,4.0,13.0,,UK,,,,,,,1.0,1.0,1.0
5273,1,3.0,,4.0,13.0,,UK,,,,,,,1.0,1.0,1.0
5274,1,6.0,,4.0,13.0,,UK,,,,,,,1.0,1.0,1.0
5275,1,1.0,4.0,4.0,13.0,,UK,,,,,,,4.0,1.0,4.0
5276,1,1.0,3.0,4.0,13.0,,UK,,,,,,,1.0,1.0,1.0
5277,1,1.0,3.0,4.0,13.0,,UK,,,,,,,1.0,1.0,1.0
5278,1,1.0,2.0,4.0,13.0,,UK,,,,,,,1.0,1.0,1.0
5279,1,6.0,,5.0,16.0,,UK,,,,,,,1.0,1.0,1.0
5280,1,1.0,3.0,4.0,13.0,,UK,,,,,,,1.0,1.0,1.0
5281,1,4.0,,4.0,13.0,,UK,,,,,,,4.0,1.0,4.0
5282,1,1.0,4.0,4.0,13.0,,UK,,,,,,,3.0,3.0,1.0
5283,1,1.0,1.0,5.0,16.0,,UK,,,,,,,1.0,1.0,1.0
5284,1,3.0,,4.0,13.0,,UK,,,,,,,1.0,1.0,1.0
5286,1,5.0,,4.0,13.0,,UK,,,,,,,1.0,1.0,1.0
5287,1,,,6.0,18.0,,UK,,,,,,,1.0,1.0,1.0
5288,1,2.0,,4.0,13.0,,UK,,,,,,,1.0,1.0,1.0
5289,1,,,4.0,13.0,,UK,,,,,,,1.0,1.0,1.0
5290,1,,,4.0,13.0,,UK,,,,,,,1.0,1.0,1.0
5291,1,4.0,,4.0,13.0,,UK,,,,,,,1.0,1.0,1.0
5292,1,5.0,,4.0,13.0,,UK,,,,,,,1.0,1.0,1.0
5293,1,1.0,2.0,5.0,16.0,,UK,,,,,,,1.0,1.0,1.0
5295,1,5.0,,4.0,13.0,,UK,,,,,,,1.0,1.0,1.0
5296,1,1.0,3.0,4.0,13.0,,UK,,,,,,,1.0,1.0,1.0
5297,1,1.0,4.0,5.0,16.0,,UK,,,,,,,1.0,1.0,1.0
5298,1,4.0,,4.0,13.0,,UK,,,,,,,1.0,1.0,1.0
5299,1,1.0,2.0,4.0,13.0,,UK,,,,,,,1.0,1.0,1.0
5300,1,4.0,,6.0,18.0,,UK,,,,,,,1.0,1.0,1.0
5301,1,1.0,4.0,4.0,13.0,,UK,,,,,,,1.0,1.0,1.0
5302,1,3.0,,4.0,13.0,,UK,,,,,,,1.0,1.0,1.0
5303,1,1.0,2.0,4.0,13.0,,UK,,,,,,,1.0,1.0,1.0
5304,1,1.0,2.0,4.0,13.0,,UK,,,,,,,1.0,1.0,1.0
5305,1,1.0,3.0,4.0,13.0,,UK,,,,,,,1.0,1.0,1.0
5306,1,1.0,4.0,1.0,6.0,,UK,,,,,,,1.0,1.0,1.0
5307,1,3.0,,4.0,13.0,,UK,,,,,,,1.0,1.0,1.0
5308,1,1.0,2.0,5.0,16.0,,UK,,,,,,,1.0,1.0,1.0
5309,1,3.0,,4.0,13.0,,UK,,,,,,,4.0,1.0,4.0
5310,1,1.0,4.0,4.0,13.0,,UK,,,,,,,1.0,1.0,1.0
5311,1,1.0,3.0,4.0,13.0,,UK,,,,,,,1.0,1.0,1.0
5312,1,1.0,4.0,4.0,13.0,,UK,,,,,,,1.0,1.0,1.0
5313,1,1.0,2.0,,,,UK,,,,,,,4.0,2.0,4.0
5314,1,,,4.0,13.0,,UK,,,,,,,1.0,1.0,1.0
5315,1,1.0,2.0,4.0,13.0,,UK,,,,,,,1.0,1.0,1.0
5316,1,3.0,,4.0,13.0,,UK,,,,,,,1.0,1.0,1.0
5317,1,3.0,,4.0,13.0,,UK,,,,,,,1.0,1.0,1.0
5318,1,1.0,2.0,4.0,13.0,,UK,,,,,,,1.0,1.0,1.0
5319,1,1.0,2.0,4.0,13.0,,UK,,,,,,,3.0,3.0,2.0
5320,1,6.0,,4.0,13.0,,UK,,,,,,,1.0,1.0,1.0
5321,1,1.0,3.0,4.0,13.0,,UK,,,,,,,1.0,1.0,1.0
5322,1,1.0,3.0,4.0,13.0,,UK,,,,,,,1.0,1.0,1.0
5323,1,,,4.0,13.0,,UK,,,,,,,1.0,1.0,1.0
5324,1,,,5.0,16.0,,UK,,,,,,,3.0,1.0,3.0
5325,1,5.0,,4.0,13.0,,UK,,,,,,,1.0,1.0,1.0
5326,1,3.0,,4.0,13.0,,UK,,,,,,,1.0,1.0,1.0
5327,1,1.0,2.0,4.0,13.0,,UK,,,,,,,1.0,1.0,1.0
5328,1,5.0,,4.0,13.0,,UK,,,,,,,1.0,1.0,1.0
5329,1,1.0,4.0,4.0,13.0,,UK,,,,,,,3.0,1.0,3.0
5330,1,1.0,2.0,5.0,16.0,,UK,,,,,,,4.0,1.0,4.0
5331,1,1.0,1.0,5.0,16.0,,UK,,,,,,,1.0,1.0,1.0
5332,1,3.0,,4.0,13.0,,UK,,,,,,,1.0,1.0,1.0
5333,1,1.0,2.0,5.0,16.0,,UK,,,,,,,1.0,1.0,1.0
5336,1,,,4.0,13.0,,UK,,,,,,,1.0,1.0,1.0
5337,1,2.0,,6.0,18.0,,UK,,,,,,,1.0,1.0,1.0
5338,1,3.0,,4.0,13.0,,UK,,,,,,,1.0,1.0,1.0
5339,1,3.0,,4.0,13.0,,UK,,,,,,,1.0,1.0,1.0
5340,1,1.0,1.0,5.0,16.0,,UK,,,,,,,1.0,1.0,1.0
5341,1,1.0,1.0,5.0,16.0,,UK,,,,,,,1.0,1.0,1.0
5342,1,1.0,2.0,4.0,13.0,,UK,,,,,,,1.0,1.0,1.0
5343,1,1.0,4.0,4.0,13.0,,UK,,,,,,,1.0,1.0,1.0
5344,1,1.0,2.0,4.0,13.0,,UK,,,,,,,3.0,1.0,3.0
5345,1,1.0,3.0,4.0,13.0,,UK,,,,,,,1.0,1.0,1.0
5346,1,1.0,1.0,5.0,16.0,,UK,,,,,,,1.0,1.0,1.0
5347,1,1.0,3.0,4.0,13.0,,UK,,,,,,,1.0,1.0,1.0
5348,1,1.0,4.0,4.0,13.0,,UK,,,,,,,1.0,1.0,1.0
5349,1,1.0,4.0,4.0,13.0,,UK,,,,,,,1.0,1.0,1.0
5350,1,1.0,4.0,4.0,13.0,,UK,,,,,,,1.0,1.0,1.0
5351,1,3.0,,4.0,13.0,,UK,,,,,,,1.0,1.0,1.0
5352,1,5.0,,4.0,13.0,,UK,,,,,,,1.0,1.0,1.0
5353,1,4.0,,4.0,13.0,,UK,,,,,,,1.0,1.0,1.0
5354,1,1.0,2.0,4.0,13.0,,UK,,,,,,,4.0,1.0,4.0
5355,1,,,4.0,13.0,,UK,,,,,,,1.0,1.0,1.0
5356,1,,,4.0,13.0,,UK,,,,,,,1.0,1.0,1.0
5357,1,1.0,2.0,4.0,13.0,,UK,,,,,,,1.0,1.0,1.0
5358,1,1.0,2.0,4.0,13.0,,UK,,,,,,,1.0,1.0,1.0
5359,1,1.0,2.0,4.0,13.0,,UK,,,,,,,1.0,1.0,1.0
5360,1,1.0,4.0,4.0,13.0,,UK,,,,,,,1.0,1.0,1.0
5361,1,1.0,2.0,4.0,13.0,,UK,,,,,,,1.0,1.0,1.0
5362,1,,,4.0,13.0,,UK,,,,,,,1.0,1.0,1.0
5363,1,,,4.0,13.0,,UK,,,,,,,1.0,1.0,1.0
5364,1,,,4.0,13.0,,UK,,,,,,,1.0,1.0,1.0
5365,1,3.0,,4.0,13.0,,UK,,,,,,,1.0,1.0,1.0
5366,1,,,4.0,13.0,,UK,,,,,,,1.0,1.0,1.0
5367,1,,,4.0,13.0,,UK,,,,,,,1.0,1.0,1.0
5368,1,,,4.0,13.0,,UK,,,,,,,1.0,1.0,1.0
5369,1,,,4.0,13.0,,UK,,,,,,,1.0,1.0,1.0
5370,1,,,4.0,13.0,,UK,,,,,,,1.0,1.0,1.0
5371,1,1.0,2.0,4.0,13.0,,UK,,,,,,,1.0,1.0,1.0
5372,1,1.0,2.0,4.0,13.0,,UK,,,,,,,4.0,1.0,4.0
5373,1,1.0,4.0,4.0,13.0,,UK,,,,,,,1.0,1.0,1.0
5374,1,1.0,3.0,4.0,13.0,,UK,,,,,,,1.0,1.0,1.0
5375,1,1.0,3.0,4.0,13.0,,UK,,,,,,,4.0,1.0,4.0
5376,1,1.0,4.0,4.0,13.0,,UK,,,,,,,1.0,1.0,1.0
5377,1,1.0,4.0,4.0,13.0,,UK,,,,,,,1.0,1.0,1.0
5378,1,3.0,,4.0,13.0,,UK,,,,,,,1.0,1.0,1.0
5379,1,,,4.0,13.0,,UK,,,,,,,1.0,1.0,1.0
5380,1,1.0,3.0,5.0,16.0,,UK,,,,,,,4.0,4.0,4.0
5381,1,4.0,,4.0,13.0,,UK,,,,,,,1.0,1.0,1.0
5382,1,1.0,4.0,4.0,13.0,,UK,,,,,,,1.0,1.0,1.0
5383,1,1.0,1.0,4.0,13.0,,UK,,,,,,,1.0,1.0,1.0
5384,1,1.0,3.0,4.0,13.0,,UK,,,,,,,4.0,4.0,4.0
5385,1,,,5.0,16.0,,UK,,,,,,,1.0,1.0,1.0
5386,1,,,4.0,13.0,,UK,,,,,,,1.0,1.0,1.0
5387,1,4.0,,4.0,13.0,,UK,,,,,,,1.0,1.0,1.0
5388,1,1.0,3.0,4.0,13.0,,UK,,,,,,,1.0,1.0,1.0
5389,1,1.0,1.0,4.0,13.0,,UK,,,,,,,1.0,1.0,1.0
5390,1,1.0,2.0,4.0,13.0,,UK,,,,,,,1.0,1.0,1.0
5391,1,1.0,4.0,4.0,13.0,,UK,,,,,,,1.0,1.0,1.0
5392,1,3.0,,4.0,13.0,,UK,,,,,,,1.0,1.0,1.0
5394,1,1.0,2.0,4.0,13.0,,UK,,,,,,,3.0,1.0,3.0
5395,1,1.0,2.0,4.0,13.0,,UK,,,,,,,4.0,4.0,4.0
5396,1,1.0,3.0,4.0,13.0,,UK,,,,,,,1.0,1.0,1.0
5397,1,1.0,3.0,4.0,13.0,,UK,,,,,,,3.0,1.0,3.0
5398,1,1.0,4.0,4.0,13.0,,UK,,,,,,,1.0,1.0,1.0
5399,1,3.0,,5.0,16.0,,UK,,,,,,,4.0,1.0,4.0
5400,1,1.0,1.0,4.0,13.0,,UK,,,,,,,1.0,1.0,1.0
5401,1,3.0,,4.0,13.0,,UK,,,,,,,1.0,1.0,1.0
5402,1,,,4.0,13.0,,UK,,,,,,,1.0,1.0,1.0
5403,1,5.0,,,,,UK,,,,,,,1.0,1.0,1.0
5404,1,1.0,4.0,4.0,13.0,,UK,,,,,,,1.0,1.0,1.0
5405,1,3.0,,4.0,13.0,,UK,,,,,,,1.0,1.0,1.0
5406,1,5.0,,4.0,13.0,,UK,,,,,,,1.0,1.0,1.0
5407,1,1.0,1.0,4.0,13.0,,UK,,,,,,,1.0,1.0,1.0
5408,1,1.0,2.0,4.0,13.0,,UK,,,,,,,1.0,1.0,1.0
5409,1,,,4.0,13.0,,UK,,,,,,,1.0,1.0,1.0
5410,1,3.0,,4.0,13.0,,UK,,,,,,,1.0,1.0,1.0
5411,1,1.0,2.0,4.0,13.0,,UK,,,,,,,1.0,1.0,1.0
5412,1,3.0,,4.0,13.0,,UK,,,,,,,1.0,1.0,1.0
5413,1,3.0,,4.0,13.0,,UK,,,,,,,1.0,1.0,1.0
5414,1,1.0,4.0,4.0,13.0,,UK,,,,,,,1.0,1.0,1.0
5415,1,1.0,4.0,4.0,13.0,,UK,,,,,,,1.0,1.0,1.0
5416,1,1.0,3.0,4.0,13.0,,UK,,,,,,,1.0,1.0,1.0
5417,1,,,4.0,13.0,,UK,,,,,,,4.0,4.0,4.0
5418,1,4.0,,4.0,13.0,,UK,,,,,,,1.0,1.0,1.0
5419,1,,,4.0,13.0,,UK,,,,,,,1.0,1.0,1.0
5420,1,1.0,3.0,4.0,13.0,,UK,,,,,,,1.0,1.0,1.0
5421,1,3.0,,4.0,13.0,,UK,,,,,,,1.0,1.0,1.0
5422,1,4.0,,4.0,13.0,,UK,,,,,,,1.0,1.0,1.0
5423,1,3.0,,4.0,13.0,,UK,,,,,,,1.0,1.0,1.0
5424,1,,,4.0,13.0,,UK,,,,,,,1.0,1.0,1.0
5425,1,1.0,3.0,4.0,13.0,,UK,,,,,,,1.0,1.0,1.0
5426,1,,,4.0,13.0,,UK,,,,,,,1.0,1.0,1.0
5427,1,3.0,,4.0,13.0,,UK,,,,,,,1.0,1.0,1.0
5428,1,2.0,,4.0,13.0,,UK,,,,,,,4.0,1.0,4.0
5429,1,1.0,4.0,4.0,13.0,,UK,,,,,,,2.0,2.0,2.0
5430,1,1.0,4.0,4.0,13.0,,UK,,,,,,,1.0,1.0,1.0
5431,1,2.0,,4.0,13.0,,UK,,,,,,,1.0,1.0,1.0
5433,1,,,4.0,13.0,,UK,,,,,,,1.0,1.0,1.0
5434,1,1.0,3.0,4.0,13.0,,UK,,,,,,,1.0,1.0,1.0
5435,1,1.0,4.0,4.0,13.0,,UK,,,,,,,1.0,1.0,1.0
5436,1,1.0,3.0,4.0,13.0,,UK,,,,,,,1.0,1.0,1.0
5437,1,1.0,4.0,4.0,13.0,,UK,,,,,,,1.0,1.0,1.0
5438,1,2.0,,4.0,13.0,,UK,,,,,,,1.0,1.0,1.0
5439,1,5.0,,4.0,13.0,,UK,,,,,,,1.0,1.0,1.0
5440,1,1.0,1.0,5.0,16.0,,UK,,,,,,,1.0,1.0,1.0
5441,1,3.0,,4.0,13.0,,UK,,,,,,,1.0,1.0,1.0
5445,1,3.0,,4.0,13.0,,UK,,,,,,,2.0,1.0,2.0
5446,1,1.0,4.0,4.0,13.0,,UK,,,,,,,1.0,1.0,1.0
5450,1,2.0,,5.0,16.0,,UK,,,,,,,1.0,1.0,1.0
5452,1,4.0,,1.0,6.0,,UK,,,,,,,1.0,1.0,1.0
5455,1,,,6.0,18.0,,UK,,,,,,,1.0,1.0,1.0
5456,1,,,5.0,16.0,,UK,,,,,,,4.0,1.0,4.0
5458,1,,,5.0,16.0,,UK,,,,,,,1.0,1.0,1.0
5460,1,1.0,4.0,4.0,13.0,,UK,,,,,,,1.0,1.0,1.0
5461,1,4.0,,4.0,13.0,,UK,,,,,,,1.0,1.0,1.0
5462,1,1.0,2.0,4.0,13.0,,UK,,,,,,,4.0,2.0,4.0
5463,1,,,4.0,13.0,,UK,,,,,,,1.0,1.0,1.0
5464,1,,,4.0,13.0,,UK,,,,,,,1.0,1.0,1.0
5465,1,1.0,4.0,4.0,13.0,,UK,,,,,,,1.0,1.0,1.0
5466,1,1.0,4.0,4.0,13.0,,UK,,,,,,,1.0,1.0,1.0
5468,1,3.0,,4.0,13.0,,UK,,,,,,,1.0,1.0,1.0
5469,1,,,4.0,13.0,,UK,,,,,,,4.0,4.0,4.0
5470,1,1.0,3.0,4.0,13.0,,UK,,,,,,,4.0,4.0,4.0
5471,1,1.0,2.0,5.0,16.0,,UK,,,,,,,1.0,1.0,1.0
5472,1,5.0,,4.0,13.0,,UK,,,,,,,1.0,1.0,1.0
5473,1,1.0,1.0,4.0,13.0,,UK,,,,,,,4.0,1.0,4.0
5474,1,,,4.0,13.0,,UK,,,,,,,1.0,1.0,1.0
5475,1,1.0,3.0,4.0,13.0,,UK,,,,,,,1.0,1.0,1.0
5476,1,1.0,2.0,4.0,13.0,,UK,,,,,,,1.0,1.0,1.0
5477,1,3.0,,5.0,16.0,,UK,,,,,,,1.0,1.0,1.0
5478,1,1.0,1.0,4.0,13.0,,UK,,,,,,,4.0,3.0,4.0
5479,1,3.0,,1.0,6.0,,UK,,,,,,,1.0,1.0,1.0
5480,1,1.0,3.0,4.0,13.0,,UK,,,,,,,1.0,1.0,1.0
5481,1,4.0,,,,,UK,,,,,,,4.0,3.0,4.0
5482,1,4.0,,4.0,13.0,,UK,,,,,,,1.0,1.0,1.0
5483,1,2.0,,5.0,16.0,,UK,,,,,,,1.0,1.0,1.0
5484,1,1.0,2.0,4.0,13.0,,UK,,,,,,,4.0,3.0,4.0
5485,1,1.0,4.0,4.0,13.0,,UK,,,,,,,1.0,1.0,1.0
5486,1,3.0,,4.0,13.0,,UK,,,,,,,1.0,1.0,1.0
5487,1,3.0,,5.0,16.0,,UK,,,,,,,1.0,1.0,1.0
5488,1,,,5.0,16.0,,UK,,,,,,,1.0,1.0,1.0
5489,1,,,,,,UK,,,,,,,1.0,1.0,1.0
5490,1,,,6.0,18.0,,UK,,,,,,,4.0,3.0,4.0
5491,1,2.0,,5.0,16.0,,UK,,,,,,,1.0,1.0,1.0
5492,1,5.0,,4.0,13.0,,UK,,,,,,,1.0,1.0,1.0
5493,1,2.0,,4.0,13.0,,UK,,,,,,,1.0,1.0,1.0
5494,1,5.0,,4.0,13.0,,UK,,,,,,,1.0,1.0,1.0
5495,1,1.0,4.0,4.0,13.0,,UK,,,,,,,1.0,1.0,1.0
5496,1,1.0,3.0,4.0,13.0,,UK,,,,,,,4.0,4.0,4.0
5497,1,1.0,4.0,4.0,13.0,,UK,,,,,,,1.0,1.0,1.0
5498,1,1.0,4.0,4.0,13.0,,UK,,,,,,,1.0,1.0,1.0
5499,1,,,4.0,13.0,,UK,,,,,,,1.0,1.0,1.0
5500,1,4.0,,4.0,13.0,,UK,,,,,,,1.0,1.0,1.0
5501,1,1.0,4.0,4.0,13.0,,UK,,,,,,,1.0,1.0,1.0
5502,1,1.0,2.0,4.0,13.0,,UK,,,,,,,1.0,1.0,1.0
5503,1,1.0,1.0,5.0,16.0,,UK,,,,,,,1.0,1.0,1.0
5504,1,1.0,4.0,4.0,13.0,,UK,,,,,,,1.0,1.0,1.0
5505,1,4.0,,4.0,13.0,,UK,,,,,,,1.0,1.0,1.0
5506,1,6.0,,4.0,13.0,,UK,,,,,,,1.0,1.0,1.0
5507,1,,,4.0,13.0,,UK,,,,,,,1.0,1.0,1.0
5508,1,1.0,4.0,4.0,13.0,,UK,,,,,,,1.0,1.0,1.0
5509,1,1.0,4.0,4.0,13.0,,UK,,,,,,,1.0,1.0,1.0
5510,1,4.0,,4.0,13.0,,UK,,,,,,,1.0,1.0,1.0
5511,1,3.0,,4.0,13.0,,UK,,,,,,,1.0,1.0,1.0
5512,1,3.0,,4.0,13.0,,UK,,,,,,,1.0,1.0,1.0
5513,1,4.0,,,,,UK,,,,,,,1.0,1.0,1.0
5514,1,,,4.0,13.0,,UK,,,,,,,1.0,1.0,1.0
5515,1,,,5.0,16.0,,UK,,,,,,,1.0,1.0,1.0
5521,1,4.0,,5.0,16.0,,UK,,,,,,,1.0,1.0,1.0
50030,1,,,4.0,13.0,,UK,,,,,,,1.0,1.0,1.0
50031,1,,,4.0,13.0,,UK,,,,,,,1.0,1.0,1.0
50032,1,1.0,2.0,4.0,13.0,,UK,,,,,,,1.0,1.0,1.0
50033,1,5.0,,5.0,16.0,,UK,,,,,,,1.0,1.0,1.0
50034,1,1.0,4.0,4.0,13.0,,UK,,,,,,,4.0,1.0,4.0
50035,1,3.0,,4.0,13.0,,UK,,,,,,,1.0,1.0,1.0
